devicename,0089PS06CT1,deviceid,32.0,timestamp,2017-07-23T06:14:40.588,incr,51837.0,tokenid,0089PS06CT12017-07-23T06:14:38766,seqnb,7636.0,timestamp1,2017-07-23T06:14:38.547,otl,9.68,otl_Unit,inch,tt,90.0,tt_Unit,ms,oga,-1.0,oga_Unit,inch,devicelist,FC300008,ole,9.0,size_Unit,inch,owi,5.2,ohe,3.0,oa,88.0,oa_Unit,degree/10,obv,1404.0,obv_Unit,inch3/10,orv,0.0,orv_Unit,inch3/10,otve,2797.0,otve_Unit,mm/sec,speed,539.17,speed_Unit,ft/min,owe,1.2,owe_Unit,LB,TooBig,0,NoRead,0,LFT,1,MultiRead,0,Irreg,0,TooSmall,0,Gap,0,ValidDim,1,ValidRead,1,Clipping,0,PeError,0
devicename,0089PS06CT1,deviceid,32.0,timestamp,2017-07-23T06:15:01.661,incr,42641.0,tokenid,0089PS06CT12017-07-23T06:14:59767,seqnb,7637.0,timestamp1,2017-07-23T06:14:59.624,otl,38.18,otl_Unit,inch,tt,353.0,tt_Unit,ms,oga,-1.0,oga_Unit,inch,devicelist,FC300008,ole,36.0,size_Unit,inch,owi,15.2,ohe,14.0,oa,65.0,oa_Unit,degree/10,obv,76608.0,obv_Unit,inch3/10,orv,0.0,orv_Unit,inch3/10,otve,2767.0,otve_Unit,mm/sec,speed,539.17,speed_Unit,ft/min,owe,21.5,owe_Unit,LB,TooBig,0,NoRead,0,LFT,1,MultiRead,0,Irreg,0,TooSmall,0,Gap,0,ValidDim,1,ValidRead,1,Clipping,0,PeError,0
devicename,0089PS06CT1,deviceid,32.0,timestamp,2017-07-23T11:16:36.716,incr,50932.0,tokenid,0089PS06CT12017-07-23T11:16:34768,seqnb,7638.0,timestamp1,2017-07-23T11:16:34.662,otl,17.55,otl_Unit,inch,tt,164.0,tt_Unit,ms,oga,-1.0,oga_Unit,inch,devicelist,FC300008,ole,17.0,size_Unit,inch,owi,8.6,ohe,7.4,oa,-24.0,oa_Unit,degree/10,obv,10819.0,obv_Unit,inch3/10,orv,0.0,orv_Unit,inch3/10,otve,2751.0,otve_Unit,mm/sec,speed,539.57,speed_Unit,ft/min,owe,5.3,owe_Unit,LB,TooBig,0,NoRead,0,LFT,1,MultiRead,0,Irreg,0,TooSmall,0,Gap,0,ValidDim,1,ValidRead,1,Clipping,0,PeError,0
devicename,0089PS06CT1,deviceid,32.0,timestamp,2017-07-23T11:16:40.205,incr,60232.0,tokenid,0089PS06CT12017-07-23T11:16:38769,seqnb,7639.0,timestamp1,2017-07-23T11:16:38.162,otl,58.18,otl_Unit,inch,tt,539.0,tt_Unit,ms,oga,319.01,oga_Unit,inch,devicelist,FC300008,ole,57.6,size_Unit,inch,owi,16.8,ohe,12.4,oa,-11.0,oa_Unit,degree/10,obv,119992.0,obv_Unit,inch3/10,orv,0.0,orv_Unit,inch3/10,otve,2767.0,otve_Unit,mm/sec,speed,539.57,speed_Unit,ft/min,owe,25.6,owe_Unit,LB,TooBig,0,NoRead,1,LFT,1,MultiRead,0,Irreg,0,TooSmall,0,Gap,0,ValidDim,1,ValidRead,1,Clipping,0,PeError,0
devicename,0089PS06CT1,deviceid,32.0,timestamp,2017-07-23T11:16:41.407,incr,63442.0,tokenid,0089PS06CT12017-07-23T11:16:39770,seqnb,7640.0,timestamp1,2017-07-23T11:16:39.376,otl,18.18,otl_Unit,inch,tt,169.0,tt_Unit,ms,oga,112.79,oga_Unit,inch,devicelist,FC300008,ole,18.4,size_Unit,inch,owi,8.4,ohe,6.0,oa,-32.0,oa_Unit,degree/10,obv,9274.0,obv_Unit,inch3/10,orv,0.0,orv_Unit,inch3/10,otve,2783.0,otve_Unit,mm/sec,speed,539.57,speed_Unit,ft/min,owe,2.4,owe_Unit,LB,TooBig,0,NoRead,1,LFT,0,MultiRead,0,Irreg,0,TooSmall,0,Gap,0,ValidDim,1,ValidRead,0,Clipping,0,PeError,0
devicename,0089PS06CT1,deviceid,32.0,timestamp,2017-07-23T11:16:42.484,incr,786.0,tokenid,0089PS06CT12017-07-23T11:16:40771,seqnb,7641.0,timestamp1,2017-07-23T11:16:40.445,otl,50.31,otl_Unit,inch,tt,467.0,tt_Unit,ms,oga,64.88,oga_Unit,inch,devicelist,FC300008,ole,49.4,size_Unit,inch,owi,19.6,ohe,15.0,oa,-6.0,oa_Unit,degree/10,obv,145236.0,obv_Unit,inch3/10,orv,0.0,orv_Unit,inch3/10,otve,2773.0,otve_Unit,mm/sec,speed,539.57,speed_Unit,ft/min,owe,36.6,owe_Unit,LB,TooBig,0,NoRead,1,LFT,1,MultiRead,0,Irreg,0,TooSmall,0,Gap,0,ValidDim,1,ValidRead,1,Clipping,0,PeError,0
devicename,0089PS06CT1,deviceid,32.0,timestamp,2017-07-23T11:17:02.561,incr,54336.0,tokenid,0089PS06CT12017-07-23T11:17:00772,seqnb,7642.0,timestamp1,2017-07-23T11:17:00.525,otl,17.55,otl_Unit,inch,tt,162.0,tt_Unit,ms,oga,-1.0,oga_Unit,inch,devicelist,FC300008,ole,16.8,size_Unit,inch,owi,20.8,ohe,14.8,oa,-885.0,oa_Unit,degree/10,obv,51717.0,obv_Unit,inch3/10,orv,0.0,orv_Unit,inch3/10,otve,2754.0,otve_Unit,mm/sec,speed,539.57,speed_Unit,ft/min,owe,70.9,owe_Unit,LB,TooBig,0,NoRead,0,LFT,1,MultiRead,0,Irreg,0,TooSmall,0,Gap,0,ValidDim,1,ValidRead,1,Clipping,0,PeError,0
devicename,0089PS06CT1,deviceid,32.0,timestamp,2017-07-23T11:17:30.867,incr,64265.0,tokenid,0089PS06CT12017-07-23T11:17:28773,seqnb,7643.0,timestamp1,2017-07-23T11:17:28.816,otl,37.59,otl_Unit,inch,tt,348.0,tt_Unit,ms,oga,-1.0,oga_Unit,inch,devicelist,FC300008,ole,36.8,size_Unit,inch,owi,17.2,ohe,12.0,oa,-8.0,oa_Unit,degree/10,obv,75955.0,obv_Unit,inch3/10,orv,0.0,orv_Unit,inch3/10,otve,2778.0,otve_Unit,mm/sec,speed,539.96,speed_Unit,ft/min,owe,61.0,owe_Unit,LB,TooBig,0,NoRead,0,LFT,1,MultiRead,0,Irreg,0,TooSmall,0,Gap,0,ValidDim,1,ValidRead,1,Clipping,0,PeError,0
devicename,0089PS06CT1,deviceid,32.0,timestamp,2017-07-23T11:17:33.186,incr,4924.0,tokenid,0089PS06CT12017-07-23T11:17:31774,seqnb,7644.0,timestamp1,2017-07-23T11:17:31.135,otl,21.81,otl_Unit,inch,tt,202.0,tt_Unit,ms,oga,228.62,oga_Unit,inch,devicelist,FC300008,ole,21.8,size_Unit,inch,owi,15.8,ohe,12.4,oa,2.0,oa_Unit,degree/10,obv,42711.0,obv_Unit,inch3/10,orv,0.0,orv_Unit,inch3/10,otve,2765.0,otve_Unit,mm/sec,speed,539.96,speed_Unit,ft/min,owe,33.8,owe_Unit,LB,TooBig,0,NoRead,0,LFT,1,MultiRead,0,Irreg,0,TooSmall,0,Gap,0,ValidDim,1,ValidRead,1,Clipping,0,PeError,0
devicename,0089PS06CT1,deviceid,32.0,timestamp,2017-07-23T11:17:55.927,incr,18.0,tokenid,0089PS06CT12017-07-23T11:17:53775,seqnb,7645.0,timestamp1,2017-07-23T11:17:53.878,otl,7.87,otl_Unit,inch,tt,73.0,tt_Unit,ms,oga,-1.0,oga_Unit,inch,devicelist,FC300008,ole,7.6,size_Unit,inch,owi,6.6,ohe,4.2,oa,-20.0,oa_Unit,degree/10,obv,2107.0,obv_Unit,inch3/10,orv,0.0,orv_Unit,inch3/10,otve,2773.0,otve_Unit,mm/sec,speed,539.96,speed_Unit,ft/min,owe,1.4,owe_Unit,LB,TooBig,0,NoRead,1,LFT,1,MultiRead,0,Irreg,0,TooSmall,0,Gap,0,ValidDim,1,ValidRead,1,Clipping,0,PeError,0
devicename,0089PS06CT1,deviceid,32.0,timestamp,2017-07-23T11:18:00.471,incr,12138.0,tokenid,0089PS06CT12017-07-23T11:17:58776,seqnb,7646.0,timestamp1,2017-07-23T11:17:58.418,otl,22.4,otl_Unit,inch,tt,209.0,tt_Unit,ms,oga,466.96,oga_Unit,inch,devicelist,FC300008,ole,21.4,size_Unit,inch,owi,12.8,ohe,12.6,oa,-7.0,oa_Unit,degree/10,obv,34514.0,obv_Unit,inch3/10,orv,0.0,orv_Unit,inch3/10,otve,2762.0,otve_Unit,mm/sec,speed,539.96,speed_Unit,ft/min,owe,23.4,owe_Unit,LB,TooBig,0,NoRead,0,LFT,1,MultiRead,0,Irreg,0,TooSmall,0,Gap,0,ValidDim,1,ValidRead,1,Clipping,0,PeError,0
devicename,0089PS06CT1,deviceid,32.0,timestamp,2017-07-23T11:18:01.760,incr,15573.0,tokenid,0089PS06CT12017-07-23T11:17:59777,seqnb,7647.0,timestamp1,2017-07-23T11:17:59.705,otl,22.4,otl_Unit,inch,tt,208.0,tt_Unit,ms,oga,116.41,oga_Unit,inch,devicelist,FC300008,ole,24.0,size_Unit,inch,owi,11.2,ohe,1.2,oa,-23.0,oa_Unit,degree/10,obv,3226.0,obv_Unit,inch3/10,orv,0.0,orv_Unit,inch3/10,otve,2764.0,otve_Unit,mm/sec,speed,539.96,speed_Unit,ft/min,owe,1.4,owe_Unit,LB,TooBig,0,NoRead,0,LFT,0,MultiRead,0,Irreg,1,TooSmall,1,Gap,0,ValidDim,0,ValidRead,1,Clipping,0,PeError,0
devicename,0089PS06CT1,deviceid,32.0,timestamp,2017-07-23T11:18:06.065,incr,27063.0,tokenid,0089PS06CT12017-07-23T11:18:04778,seqnb,7648.0,timestamp1,2017-07-23T11:18:04.014,otl,22.4,otl_Unit,inch,tt,208.0,tt_Unit,ms,oga,442.12,oga_Unit,inch,devicelist,FC300008,ole,22.0,size_Unit,inch,owi,13.2,ohe,13.4,oa,-19.0,oa_Unit,degree/10,obv,38914.0,obv_Unit,inch3/10,orv,0.0,orv_Unit,inch3/10,otve,2773.0,otve_Unit,mm/sec,speed,539.96,speed_Unit,ft/min,owe,31.6,owe_Unit,LB,TooBig,0,NoRead,0,LFT,1,MultiRead,0,Irreg,0,TooSmall,0,Gap,0,ValidDim,1,ValidRead,1,Clipping,0,PeError,0
devicename,0089PS06CT1,deviceid,32.0,timestamp,2017-07-23T11:18:25.947,incr,14537.0,tokenid,0089PS06CT12017-07-23T11:18:23779,seqnb,7649.0,timestamp1,2017-07-23T11:18:23.908,otl,49.72,otl_Unit,inch,tt,459.0,tt_Unit,ms,oga,-1.0,oga_Unit,inch,devicelist,FC300008,ole,49.2,size_Unit,inch,owi,24.6,ohe,8.6,oa,5.0,oa_Unit,degree/10,obv,104088.0,obv_Unit,inch3/10,orv,0.0,orv_Unit,inch3/10,otve,2762.0,otve_Unit,mm/sec,speed,539.96,speed_Unit,ft/min,owe,53.5,owe_Unit,LB,TooBig,0,NoRead,1,LFT,1,MultiRead,0,Irreg,0,TooSmall,0,Gap,0,ValidDim,1,ValidRead,1,Clipping,0,PeError,0
devicename,0089PS06CT1,deviceid,32.0,timestamp,2017-07-23T11:18:26.482,incr,15962.0,tokenid,0089PS06CT12017-07-23T11:18:24780,seqnb,7650.0,timestamp1,2017-07-23T11:18:24.441,otl,13.3,otl_Unit,inch,tt,124.0,tt_Unit,ms,oga,44.25,oga_Unit,inch,devicelist,FC300008,ole,12.2,size_Unit,inch,owi,10.0,ohe,5.4,oa,-32.0,oa_Unit,degree/10,obv,6588.0,obv_Unit,inch3/10,orv,0.0,orv_Unit,inch3/10,otve,2762.0,otve_Unit,mm/sec,speed,539.96,speed_Unit,ft/min,owe,2.4,owe_Unit,LB,TooBig,0,NoRead,0,LFT,1,MultiRead,0,Irreg,0,TooSmall,0,Gap,0,ValidDim,1,ValidRead,1,Clipping,0,PeError,0
devicename,0089PS06CT1,deviceid,32.0,timestamp,2017-07-23T12:26:54.750,incr,21765.0,tokenid,0089PS06CT12017-07-23T12:26:52781,seqnb,7651.0,timestamp1,2017-07-23T12:26:52.709,otl,13.93,otl_Unit,inch,tt,129.0,tt_Unit,ms,oga,-1.0,oga_Unit,inch,devicelist,FC300008,ole,13.4,size_Unit,inch,owi,13.4,ohe,6.8,oa,861.0,oa_Unit,degree/10,obv,12210.0,obv_Unit,inch3/10,orv,0.0,orv_Unit,inch3/10,otve,2757.0,otve_Unit,mm/sec,speed,539.96,speed_Unit,ft/min,owe,11.6,owe_Unit,LB,TooBig,0,NoRead,1,LFT,1,MultiRead,0,Irreg,0,TooSmall,0,Gap,0,ValidDim,1,ValidRead,1,Clipping,0,PeError,0
devicename,0089PS06CT1,deviceid,32.0,timestamp,2017-07-23T12:26:56.025,incr,25155.0,tokenid,0089PS06CT12017-07-23T12:26:53782,seqnb,7652.0,timestamp1,2017-07-23T12:26:53.962,otl,13.3,otl_Unit,inch,tt,124.0,tt_Unit,ms,oga,121.88,oga_Unit,inch,devicelist,FC300008,ole,13.4,size_Unit,inch,owi,16.6,ohe,8.6,oa,-900.0,oa_Unit,degree/10,obv,19130.0,obv_Unit,inch3/10,orv,0.0,orv_Unit,inch3/10,otve,2757.0,otve_Unit,mm/sec,speed,539.96,speed_Unit,ft/min,owe,4.4,owe_Unit,LB,TooBig,0,NoRead,0,LFT,1,MultiRead,0,Irreg,0,TooSmall,0,Gap,0,ValidDim,1,ValidRead,1,Clipping,0,PeError,0
devicename,0089PS06CT1,deviceid,32.0,timestamp,2017-07-23T12:26:57.625,incr,29430.0,tokenid,0089PS06CT12017-07-23T12:26:55783,seqnb,7653.0,timestamp1,2017-07-23T12:26:55.573,otl,12.12,otl_Unit,inch,tt,112.0,tt_Unit,ms,oga,161.29,oga_Unit,inch,devicelist,FC300008,ole,11.6,size_Unit,inch,owi,11.4,ohe,3.8,oa,-15.0,oa_Unit,degree/10,obv,5025.0,obv_Unit,inch3/10,orv,0.0,orv_Unit,inch3/10,otve,2746.0,otve_Unit,mm/sec,speed,539.96,speed_Unit,ft/min,owe,3.0,owe_Unit,LB,TooBig,0,NoRead,0,LFT,1,MultiRead,0,Irreg,0,TooSmall,0,Gap,0,ValidDim,1,ValidRead,1,Clipping,0,PeError,0
devicename,0089PS06CT1,deviceid,32.0,timestamp,2017-07-23T12:26:58.555,incr,31905.0,tokenid,0089PS06CT12017-07-23T12:26:56784,seqnb,7654.0,timestamp1,2017-07-23T12:26:56.496,otl,29.68,otl_Unit,inch,tt,275.0,tt_Unit,ms,oga,69.72,oga_Unit,inch,devicelist,FC300008,ole,29.2,size_Unit,inch,owi,22.2,ohe,12.2,oa,-5.0,oa_Unit,degree/10,obv,79085.0,obv_Unit,inch3/10,orv,0.0,orv_Unit,inch3/10,otve,2773.0,otve_Unit,mm/sec,speed,539.96,speed_Unit,ft/min,owe,29.5,owe_Unit,LB,TooBig,0,NoRead,0,LFT,1,MultiRead,0,Irreg,0,TooSmall,0,Gap,0,ValidDim,1,ValidRead,1,Clipping,0,PeError,0
devicename,0089PS06CT1,deviceid,32.0,timestamp,2017-07-23T12:26:59.239,incr,33735.0,tokenid,0089PS06CT12017-07-23T12:26:57785,seqnb,7655.0,timestamp1,2017-07-23T12:26:57.175,otl,25.47,otl_Unit,inch,tt,236.0,tt_Unit,ms,oga,47.87,oga_Unit,inch,devicelist,FC300008,ole,23.6,size_Unit,inch,owi,32.6,ohe,3.8,oa,-884.0,oa_Unit,degree/10,obv,29236.0,obv_Unit,inch3/10,orv,0.0,orv_Unit,inch3/10,otve,2783.0,otve_Unit,mm/sec,speed,539.96,speed_Unit,ft/min,owe,13.6,owe_Unit,LB,TooBig,0,NoRead,0,LFT,1,MultiRead,0,Irreg,0,TooSmall,0,Gap,0,ValidDim,1,ValidRead,1,Clipping,0,PeError,0
devicename,0089PS06CT1,deviceid,32.0,timestamp,2017-07-23T12:27:01.196,incr,38955.0,tokenid,0089PS06CT12017-07-23T12:26:59786,seqnb,7656.0,timestamp1,2017-07-23T12:26:59.127,otl,13.93,otl_Unit,inch,tt,129.0,tt_Unit,ms,oga,196.49,oga_Unit,inch,devicelist,FC300008,ole,13.6,size_Unit,inch,owi,10.4,ohe,9.6,oa,-10.0,oa_Unit,degree/10,obv,13578.0,obv_Unit,inch3/10,orv,0.0,orv_Unit,inch3/10,otve,2754.0,otve_Unit,mm/sec,speed,539.96,speed_Unit,ft/min,owe,8.4,owe_Unit,LB,TooBig,0,NoRead,0,LFT,1,MultiRead,0,Irreg,0,TooSmall,0,Gap,0,ValidDim,1,ValidRead,1,Clipping,0,PeError,0
devicename,0089PS06CT1,deviceid,32.0,timestamp,2017-07-23T12:27:02.188,incr,41595.0,tokenid,0089PS06CT12017-07-23T12:27:00787,seqnb,7657.0,timestamp1,2017-07-23T12:27:00.145,otl,11.49,otl_Unit,inch,tt,107.0,tt_Unit,ms,oga,98.22,oga_Unit,inch,devicelist,FC300008,ole,11.4,size_Unit,inch,owi,18.0,ohe,6.0,oa,895.0,oa_Unit,degree/10,obv,12312.0,obv_Unit,inch3/10,orv,0.0,orv_Unit,inch3/10,otve,2751.0,otve_Unit,mm/sec,speed,535.24,speed_Unit,ft/min,owe,15.6,owe_Unit,LB,TooBig,0,NoRead,0,LFT,1,MultiRead,0,Irreg,0,TooSmall,0,Gap,0,ValidDim,1,ValidRead,1,Clipping,0,PeError,0
devicename,0089PS06CT1,deviceid,32.0,timestamp,2017-07-23T12:27:02.483,incr,42375.0,tokenid,0089PS06CT12017-07-23T12:27:00788,seqnb,7658.0,timestamp1,2017-07-23T12:27:00.426,otl,10.9,otl_Unit,inch,tt,102.0,tt_Unit,ms,oga,19.37,oga_Unit,inch,devicelist,FC300008,ole,10.6,size_Unit,inch,owi,8.4,ohe,6.8,oa,-24.0,oa_Unit,degree/10,obv,6055.0,obv_Unit,inch3/10,orv,0.0,orv_Unit,inch3/10,otve,2762.0,otve_Unit,mm/sec,speed,535.24,speed_Unit,ft/min,owe,4.7,owe_Unit,LB,TooBig,0,NoRead,0,LFT,1,MultiRead,0,Irreg,0,TooSmall,0,Gap,0,ValidDim,1,ValidRead,1,Clipping,0,PeError,0
devicename,0089PS06CT1,deviceid,32.0,timestamp,2017-07-23T12:27:03.866,incr,46080.0,tokenid,0089PS06CT12017-07-23T12:27:01789,seqnb,7659.0,timestamp1,2017-07-23T12:27:01.817,otl,19.37,otl_Unit,inch,tt,181.0,tt_Unit,ms,oga,130.39,oga_Unit,inch,devicelist,FC300008,ole,18.8,size_Unit,inch,owi,13.0,ohe,8.6,oa,6.0,oa_Unit,degree/10,obv,21018.0,obv_Unit,inch3/10,orv,0.0,orv_Unit,inch3/10,otve,2762.0,otve_Unit,mm/sec,speed,541.34,speed_Unit,ft/min,owe,18.2,owe_Unit,LB,TooBig,0,NoRead,0,LFT,1,MultiRead,0,Irreg,0,TooSmall,0,Gap,0,ValidDim,1,ValidRead,1,Clipping,0,PeError,0
devicename,0089PS06CT1,deviceid,32.0,timestamp,2017-07-23T12:27:04.978,incr,49050.0,tokenid,0089PS06CT12017-07-23T12:27:02790,seqnb,7660.0,timestamp1,2017-07-23T12:27:02.912,otl,40.0,otl_Unit,inch,tt,370.0,tt_Unit,ms,oga,78.22,oga_Unit,inch,devicelist,FC300008,ole,38.8,size_Unit,inch,owi,31.4,ohe,22.0,oa,16.0,oa_Unit,degree/10,obv,268030.0,obv_Unit,inch3/10,orv,0.0,orv_Unit,inch3/10,otve,2767.0,otve_Unit,mm/sec,speed,537.01,speed_Unit,ft/min,owe,75.7,owe_Unit,LB,TooBig,0,NoRead,0,LFT,1,MultiRead,0,Irreg,0,TooSmall,0,Gap,0,ValidDim,1,ValidRead,1,Clipping,0,PeError,0
devicename,0089PS06CT1,deviceid,32.0,timestamp,2017-07-23T12:27:06.314,incr,52620.0,tokenid,0089PS06CT12017-07-23T12:27:04791,seqnb,7661.0,timestamp1,2017-07-23T12:27:04.274,otl,58.81,otl_Unit,inch,tt,543.0,tt_Unit,ms,oga,88.54,oga_Unit,inch,devicelist,FC300008,ole,58.6,size_Unit,inch,owi,17.0,ohe,12.4,oa,5.0,oa_Unit,degree/10,obv,123529.0,obv_Unit,inch3/10,orv,0.0,orv_Unit,inch3/10,otve,2773.0,otve_Unit,mm/sec,speed,537.01,speed_Unit,ft/min,owe,0.0,owe_Unit,LB,TooBig,0,NoRead,1,LFT,1,MultiRead,0,Irreg,0,TooSmall,0,Gap,0,ValidDim,1,ValidRead,1,Clipping,0,PeError,0
devicename,0089PS06CT1,deviceid,32.0,timestamp,2017-07-23T12:27:07.952,incr,56985.0,tokenid,0089PS06CT12017-07-23T12:27:05792,seqnb,7662.0,timestamp1,2017-07-23T12:27:05.898,otl,60.03,otl_Unit,inch,tt,556.0,tt_Unit,ms,oga,115.19,oga_Unit,inch,devicelist,FC300008,ole,59.2,size_Unit,inch,owi,16.8,ohe,16.6,oa,-13.0,oa_Unit,degree/10,obv,165097.0,obv_Unit,inch3/10,orv,0.0,orv_Unit,inch3/10,otve,2773.0,otve_Unit,mm/sec,speed,537.01,speed_Unit,ft/min,owe,31.4,owe_Unit,LB,TooBig,0,NoRead,0,LFT,1,MultiRead,0,Irreg,0,TooSmall,0,Gap,0,ValidDim,1,ValidRead,1,Clipping,0,PeError,0
devicename,0089PS06CT1,deviceid,32.0,timestamp,2017-07-23T12:27:08.525,incr,58515.0,tokenid,0089PS06CT12017-07-23T12:27:06793,seqnb,7663.0,timestamp1,2017-07-23T12:27:06.470,otl,10.9,otl_Unit,inch,tt,101.0,tt_Unit,ms,oga,50.94,oga_Unit,inch,devicelist,FC300008,ole,10.2,size_Unit,inch,owi,8.6,ohe,6.8,oa,-46.0,oa_Unit,degree/10,obv,5965.0,obv_Unit,inch3/10,orv,0.0,orv_Unit,inch3/10,otve,2762.0,otve_Unit,mm/sec,speed,537.01,speed_Unit,ft/min,owe,2.6,owe_Unit,LB,TooBig,0,NoRead,0,LFT,1,MultiRead,0,Irreg,0,TooSmall,0,Gap,0,ValidDim,1,ValidRead,1,Clipping,0,PeError,0
devicename,0089PS06CT1,deviceid,32.0,timestamp,2017-07-23T12:27:08.860,incr,59415.0,tokenid,0089PS06CT12017-07-23T12:27:06794,seqnb,7664.0,timestamp1,2017-07-23T12:27:06.808,otl,9.68,otl_Unit,inch,tt,90.0,tt_Unit,ms,oga,26.65,oga_Unit,inch,devicelist,FC300008,ole,9.4,size_Unit,inch,owi,7.4,ohe,4.8,oa,-9.0,oa_Unit,degree/10,obv,3339.0,obv_Unit,inch3/10,orv,0.0,orv_Unit,inch3/10,otve,2757.0,otve_Unit,mm/sec,speed,537.01,speed_Unit,ft/min,owe,1.2,owe_Unit,LB,TooBig,0,NoRead,0,LFT,1,MultiRead,0,Irreg,0,TooSmall,0,Gap,0,ValidDim,1,ValidRead,1,Clipping,0,PeError,0
devicename,0089PS06CT1,deviceid,32.0,timestamp,2017-07-23T12:27:10.053,incr,62595.0,tokenid,0089PS06CT12017-07-23T12:27:08795,seqnb,7665.0,timestamp1,2017-07-23T12:27:08.011,otl,55.15,otl_Unit,inch,tt,512.0,tt_Unit,ms,oga,74.56,oga_Unit,inch,devicelist,FC300008,ole,54.6,size_Unit,inch,owi,10.4,ohe,4.8,oa,-11.0,oa_Unit,degree/10,obv,27256.0,obv_Unit,inch3/10,orv,0.0,orv_Unit,inch3/10,otve,2773.0,otve_Unit,mm/sec,speed,537.01,speed_Unit,ft/min,owe,17.1,owe_Unit,LB,TooBig,0,NoRead,1,LFT,1,MultiRead,0,Irreg,0,TooSmall,0,Gap,0,ValidDim,1,ValidRead,1,Clipping,0,PeError,0
devicename,0089PS06CT1,deviceid,32.0,timestamp,2017-07-23T12:27:19.102,incr,21179.0,tokenid,0089PS06CT12017-07-23T12:27:17796,seqnb,7666.0,timestamp1,2017-07-23T12:27:17.059,otl,16.33,otl_Unit,inch,tt,152.0,tt_Unit,ms,oga,958.85,oga_Unit,inch,devicelist,FC300008,ole,15.6,size_Unit,inch,owi,15.6,ohe,15.6,oa,869.0,oa_Unit,degree/10,obv,37964.0,obv_Unit,inch3/10,orv,0.0,orv_Unit,inch3/10,otve,2757.0,otve_Unit,mm/sec,speed,537.01,speed_Unit,ft/min,owe,8.5,owe_Unit,LB,TooBig,0,NoRead,0,LFT,1,MultiRead,0,Irreg,0,TooSmall,0,Gap,0,ValidDim,1,ValidRead,1,Clipping,0,PeError,0
devicename,0089PS06CT1,deviceid,32.0,timestamp,2017-07-23T12:27:19.797,incr,23024.0,tokenid,0089PS06CT12017-07-23T12:27:17797,seqnb,7667.0,timestamp1,2017-07-23T12:27:17.740,otl,25.47,otl_Unit,inch,tt,237.0,tt_Unit,ms,oga,47.87,oga_Unit,inch,devicelist,FC300008,ole,25.0,size_Unit,inch,owi,24.4,ohe,5.0,oa,-5.0,oa_Unit,degree/10,obv,30500.0,obv_Unit,inch3/10,orv,0.0,orv_Unit,inch3/10,otve,2749.0,otve_Unit,mm/sec,speed,537.01,speed_Unit,ft/min,owe,11.0,owe_Unit,LB,TooBig,0,NoRead,0,LFT,1,MultiRead,0,Irreg,0,TooSmall,0,Gap,0,ValidDim,1,ValidRead,1,Clipping,0,PeError,0
devicename,0089PS06CT1,deviceid,32.0,timestamp,2017-07-23T12:27:20.939,incr,26069.0,tokenid,0089PS06CT12017-07-23T12:27:18798,seqnb,7668.0,timestamp1,2017-07-23T12:27:18.876,otl,16.96,otl_Unit,inch,tt,158.0,tt_Unit,ms,oga,105.51,oga_Unit,inch,devicelist,FC300008,ole,16.6,size_Unit,inch,owi,12.4,ohe,11.6,oa,-2.0,oa_Unit,degree/10,obv,23877.0,obv_Unit,inch3/10,orv,0.0,orv_Unit,inch3/10,otve,2767.0,otve_Unit,mm/sec,speed,537.01,speed_Unit,ft/min,owe,15.8,owe_Unit,LB,TooBig,0,NoRead,0,LFT,1,MultiRead,0,Irreg,0,TooSmall,0,Gap,0,ValidDim,1,ValidRead,1,Clipping,0,PeError,0
devicename,0089PS06CT1,deviceid,32.0,timestamp,2017-07-23T12:27:21.481,incr,27509.0,tokenid,0089PS06CT12017-07-23T12:27:19799,seqnb,7669.0,timestamp1,2017-07-23T12:27:19.426,otl,12.71,otl_Unit,inch,tt,117.0,tt_Unit,ms,oga,46.06,oga_Unit,inch,devicelist,FC300008,ole,12.4,size_Unit,inch,owi,8.4,ohe,6.8,oa,-13.0,oa_Unit,degree/10,obv,7083.0,obv_Unit,inch3/10,orv,0.0,orv_Unit,inch3/10,otve,2751.0,otve_Unit,mm/sec,speed,537.01,speed_Unit,ft/min,owe,2.5,owe_Unit,LB,TooBig,0,NoRead,0,LFT,1,MultiRead,0,Irreg,0,TooSmall,0,Gap,0,ValidDim,1,ValidRead,1,Clipping,0,PeError,0
devicename,0089PS06CT1,deviceid,32.0,timestamp,2017-07-23T12:27:22.008,incr,28919.0,tokenid,0089PS06CT12017-07-23T12:27:19800,seqnb,7670.0,timestamp1,2017-07-23T12:27:19.965,otl,12.12,otl_Unit,inch,tt,113.0,tt_Unit,ms,oga,46.06,oga_Unit,inch,devicelist,FC300008,ole,11.8,size_Unit,inch,owi,13.2,ohe,5.6,oa,883.0,oa_Unit,degree/10,obv,8723.0,obv_Unit,inch3/10,orv,0.0,orv_Unit,inch3/10,otve,2757.0,otve_Unit,mm/sec,speed,537.01,speed_Unit,ft/min,owe,3.0,owe_Unit,LB,TooBig,0,NoRead,1,LFT,1,MultiRead,0,Irreg,0,TooSmall,0,Gap,0,ValidDim,1,ValidRead,1,Clipping,0,PeError,0
devicename,0089PS06CT1,deviceid,32.0,timestamp,2017-07-23T12:27:22.307,incr,29714.0,tokenid,0089PS06CT12017-07-23T12:27:20801,seqnb,7671.0,timestamp1,2017-07-23T12:27:20.252,otl,11.49,otl_Unit,inch,tt,106.0,tt_Unit,ms,oga,19.37,oga_Unit,inch,devicelist,FC300008,ole,11.6,size_Unit,inch,owi,5.6,ohe,5.6,oa,5.0,oa_Unit,degree/10,obv,3638.0,obv_Unit,inch3/10,orv,0.0,orv_Unit,inch3/10,otve,2746.0,otve_Unit,mm/sec,speed,537.01,speed_Unit,ft/min,owe,2.6,owe_Unit,LB,TooBig,0,NoRead,0,LFT,1,MultiRead,0,Irreg,0,TooSmall,0,Gap,0,ValidDim,1,ValidRead,1,Clipping,0,PeError,0
devicename,0089PS06CT1,deviceid,32.0,timestamp,2017-07-23T12:27:22.668,incr,30689.0,tokenid,0089PS06CT12017-07-23T12:27:20802,seqnb,7672.0,timestamp1,2017-07-23T12:27:20.630,otl,11.49,otl_Unit,inch,tt,107.0,tt_Unit,ms,oga,29.09,oga_Unit,inch,devicelist,FC300008,ole,11.0,size_Unit,inch,owi,9.2,ohe,4.8,oa,-14.0,oa_Unit,degree/10,obv,4858.0,obv_Unit,inch3/10,orv,0.0,orv_Unit,inch3/10,otve,2741.0,otve_Unit,mm/sec,speed,537.01,speed_Unit,ft/min,owe,1.3,owe_Unit,LB,TooBig,0,NoRead,1,LFT,1,MultiRead,0,Irreg,0,TooSmall,0,Gap,0,ValidDim,1,ValidRead,1,Clipping,0,PeError,0
devicename,0089PS06CT1,deviceid,32.0,timestamp,2017-07-23T12:27:22.973,incr,31499.0,tokenid,0089PS06CT12017-07-23T12:27:20803,seqnb,7673.0,timestamp1,2017-07-23T12:27:20.957,otl,11.49,otl_Unit,inch,tt,107.0,tt_Unit,ms,oga,20.0,oga_Unit,inch,devicelist,FC300008,ole,10.2,size_Unit,inch,owi,12.2,ohe,6.8,oa,842.0,oa_Unit,degree/10,obv,8462.0,obv_Unit,inch3/10,orv,0.0,orv_Unit,inch3/10,otve,2751.0,otve_Unit,mm/sec,speed,537.01,speed_Unit,ft/min,owe,5.7,owe_Unit,LB,TooBig,0,NoRead,0,LFT,1,MultiRead,0,Irreg,0,TooSmall,0,Gap,0,ValidDim,1,ValidRead,1,Clipping,0,PeError,0
devicename,0089PS06CT1,deviceid,32.0,timestamp,2017-07-23T12:27:23.697,incr,33434.0,tokenid,0089PS06CT12017-07-23T12:27:21804,seqnb,7674.0,timestamp1,2017-07-23T12:27:21.660,otl,29.68,otl_Unit,inch,tt,275.0,tt_Unit,ms,oga,49.72,oga_Unit,inch,devicelist,FC300008,ole,29.6,size_Unit,inch,owi,18.2,ohe,10.0,oa,-29.0,oa_Unit,degree/10,obv,53872.0,obv_Unit,inch3/10,orv,0.0,orv_Unit,inch3/10,otve,2767.0,otve_Unit,mm/sec,speed,537.01,speed_Unit,ft/min,owe,33.6,owe_Unit,LB,TooBig,0,NoRead,1,LFT,1,MultiRead,0,Irreg,0,TooSmall,0,Gap,0,ValidDim,1,ValidRead,1,Clipping,0,PeError,0
devicename,0089PS06CT1,deviceid,32.0,timestamp,2017-07-23T12:27:24.294,incr,35024.0,tokenid,0089PS06CT12017-07-23T12:27:22805,seqnb,7675.0,timestamp1,2017-07-23T12:27:22.254,otl,25.47,otl_Unit,inch,tt,235.0,tt_Unit,ms,oga,38.77,oga_Unit,inch,devicelist,FC300008,ole,25.0,size_Unit,inch,owi,11.6,ohe,8.8,oa,9.0,oa_Unit,degree/10,obv,25520.0,obv_Unit,inch3/10,orv,0.0,orv_Unit,inch3/10,otve,2767.0,otve_Unit,mm/sec,speed,537.01,speed_Unit,ft/min,owe,42.3,owe_Unit,LB,TooBig,0,NoRead,1,LFT,1,MultiRead,0,Irreg,0,TooSmall,0,Gap,0,ValidDim,1,ValidRead,1,Clipping,0,PeError,0
devicename,0089PS06CT1,deviceid,32.0,timestamp,2017-07-23T12:27:27.044,incr,42359.0,tokenid,0089PS06CT12017-07-23T12:27:24806,seqnb,7676.0,timestamp1,2017-07-23T12:27:24.989,otl,58.18,otl_Unit,inch,tt,540.0,tt_Unit,ms,oga,237.12,oga_Unit,inch,devicelist,FC300008,ole,58.2,size_Unit,inch,owi,16.8,ohe,12.4,oa,-4.0,oa_Unit,degree/10,obv,121242.0,obv_Unit,inch3/10,orv,0.0,orv_Unit,inch3/10,otve,2775.0,otve_Unit,mm/sec,speed,537.01,speed_Unit,ft/min,owe,25.3,owe_Unit,LB,TooBig,0,NoRead,0,LFT,1,MultiRead,0,Irreg,0,TooSmall,0,Gap,0,ValidDim,1,ValidRead,1,Clipping,0,PeError,0
devicename,0089PS06CT1,deviceid,32.0,timestamp,2017-07-23T12:27:28.192,incr,45419.0,tokenid,0089PS06CT12017-07-23T12:27:26807,seqnb,7677.0,timestamp1,2017-07-23T12:27:26.119,otl,19.37,otl_Unit,inch,tt,180.0,tt_Unit,ms,oga,102.48,oga_Unit,inch,devicelist,FC300008,ole,18.8,size_Unit,inch,owi,27.0,ohe,17.2,oa,891.0,oa_Unit,degree/10,obv,87307.0,obv_Unit,inch3/10,orv,0.0,orv_Unit,inch3/10,otve,2767.0,otve_Unit,mm/sec,speed,537.01,speed_Unit,ft/min,owe,19.2,owe_Unit,LB,TooBig,0,NoRead,0,LFT,1,MultiRead,0,Irreg,0,TooSmall,0,Gap,0,ValidDim,1,ValidRead,1,Clipping,0,PeError,0
devicename,0089PS06CT1,deviceid,32.0,timestamp,2017-07-23T12:27:29.008,incr,47594.0,tokenid,0089PS06CT12017-07-23T12:27:26808,seqnb,7678.0,timestamp1,2017-07-23T12:27:26.953,otl,13.3,otl_Unit,inch,tt,125.0,tt_Unit,ms,oga,76.41,oga_Unit,inch,devicelist,FC300008,ole,12.8,size_Unit,inch,owi,16.2,ohe,7.8,oa,863.0,oa_Unit,degree/10,obv,16174.0,obv_Unit,inch3/10,orv,0.0,orv_Unit,inch3/10,otve,2767.0,otve_Unit,mm/sec,speed,537.01,speed_Unit,ft/min,owe,5.3,owe_Unit,LB,TooBig,0,NoRead,0,LFT,1,MultiRead,0,Irreg,0,TooSmall,0,Gap,0,ValidDim,1,ValidRead,1,Clipping,0,PeError,0
devicename,0089PS06CT1,deviceid,32.0,timestamp,2017-07-23T12:27:29.662,incr,49349.0,tokenid,0089PS06CT12017-07-23T12:27:27809,seqnb,7679.0,timestamp1,2017-07-23T12:27:27.611,otl,26.65,otl_Unit,inch,tt,247.0,tt_Unit,ms,oga,44.25,oga_Unit,inch,devicelist,FC300008,ole,26.2,size_Unit,inch,owi,26.8,ohe,12.2,oa,895.0,oa_Unit,degree/10,obv,85664.0,obv_Unit,inch3/10,orv,0.0,orv_Unit,inch3/10,otve,2759.0,otve_Unit,mm/sec,speed,537.01,speed_Unit,ft/min,owe,30.7,owe_Unit,LB,TooBig,0,NoRead,0,LFT,1,MultiRead,0,Irreg,0,TooSmall,0,Gap,0,ValidDim,1,ValidRead,1,Clipping,0,PeError,0
devicename,0089PS06CT1,deviceid,32.0,timestamp,2017-07-23T12:27:30.460,incr,51479.0,tokenid,0089PS06CT12017-07-23T12:27:28810,seqnb,7680.0,timestamp1,2017-07-23T12:27:28.420,otl,19.37,otl_Unit,inch,tt,179.0,tt_Unit,ms,oga,67.91,oga_Unit,inch,devicelist,FC300008,ole,19.2,size_Unit,inch,owi,18.2,ohe,13.2,oa,4.0,oa_Unit,degree/10,obv,46126.0,obv_Unit,inch3/10,orv,0.0,orv_Unit,inch3/10,otve,2759.0,otve_Unit,mm/sec,speed,537.01,speed_Unit,ft/min,owe,26.9,owe_Unit,LB,TooBig,0,NoRead,1,LFT,1,MultiRead,0,Irreg,0,TooSmall,0,Gap,0,ValidDim,1,ValidRead,1,Clipping,0,PeError,0
devicename,0089PS06CT1,deviceid,32.0,timestamp,2017-07-23T12:27:32.247,incr,56249.0,tokenid,0089PS06CT12017-07-23T12:27:30811,seqnb,7681.0,timestamp1,2017-07-23T12:27:30.179,otl,24.25,otl_Unit,inch,tt,225.0,tt_Unit,ms,oga,165.55,oga_Unit,inch,devicelist,FC300008,ole,23.6,size_Unit,inch,owi,13.4,ohe,15.0,oa,-11.0,oa_Unit,degree/10,obv,47436.0,obv_Unit,inch3/10,orv,0.0,orv_Unit,inch3/10,otve,2773.0,otve_Unit,mm/sec,speed,537.01,speed_Unit,ft/min,owe,16.9,owe_Unit,LB,TooBig,0,NoRead,0,LFT,1,MultiRead,0,Irreg,0,TooSmall,0,Gap,0,ValidDim,1,ValidRead,1,Clipping,0,PeError,0
devicename,0089PS06CT1,deviceid,32.0,timestamp,2017-07-23T12:27:32.774,incr,57644.0,tokenid,0089PS06CT12017-07-23T12:27:30812,seqnb,7682.0,timestamp1,2017-07-23T12:27:30.713,otl,17.55,otl_Unit,inch,tt,163.0,tt_Unit,ms,oga,40.0,oga_Unit,inch,devicelist,FC300008,ole,16.4,size_Unit,inch,owi,17.0,ohe,9.0,oa,866.0,oa_Unit,degree/10,obv,25092.0,obv_Unit,inch3/10,orv,0.0,orv_Unit,inch3/10,otve,2765.0,otve_Unit,mm/sec,speed,537.01,speed_Unit,ft/min,owe,7.3,owe_Unit,LB,TooBig,0,NoRead,0,LFT,1,MultiRead,0,Irreg,0,TooSmall,0,Gap,0,ValidDim,1,ValidRead,1,Clipping,0,PeError,0
devicename,0089PS06CT1,deviceid,32.0,timestamp,2017-07-23T12:27:33.791,incr,60359.0,tokenid,0089PS06CT12017-07-23T12:27:31813,seqnb,7683.0,timestamp1,2017-07-23T12:27:31.726,otl,20.59,otl_Unit,inch,tt,192.0,tt_Unit,ms,oga,88.54,oga_Unit,inch,devicelist,FC300008,ole,20.4,size_Unit,inch,owi,14.4,ohe,12.2,oa,-8.0,oa_Unit,degree/10,obv,35839.0,obv_Unit,inch3/10,orv,0.0,orv_Unit,inch3/10,otve,2767.0,otve_Unit,mm/sec,speed,537.01,speed_Unit,ft/min,owe,8.5,owe_Unit,LB,TooBig,0,NoRead,0,LFT,1,MultiRead,0,Irreg,0,TooSmall,0,Gap,0,ValidDim,1,ValidRead,1,Clipping,0,PeError,0
devicename,0089PS06CT1,deviceid,32.0,timestamp,2017-07-23T12:27:35.529,incr,64994.0,tokenid,0089PS06CT12017-07-23T12:27:33814,seqnb,7684.0,timestamp1,2017-07-23T12:27:33.475,otl,25.47,otl_Unit,inch,tt,236.0,tt_Unit,ms,oga,163.11,oga_Unit,inch,devicelist,FC300008,ole,25.0,size_Unit,inch,owi,23.6,ohe,13.4,oa,4.0,oa_Unit,degree/10,obv,79060.0,obv_Unit,inch3/10,orv,0.0,orv_Unit,inch3/10,otve,2767.0,otve_Unit,mm/sec,speed,537.01,speed_Unit,ft/min,owe,5.4,owe_Unit,LB,TooBig,0,NoRead,0,LFT,1,MultiRead,0,Irreg,0,TooSmall,0,Gap,0,ValidDim,1,ValidRead,1,Clipping,0,PeError,0
devicename,0089PS06CT1,deviceid,32.0,timestamp,2017-07-23T12:27:36.225,incr,1318.0,tokenid,0089PS06CT12017-07-23T12:27:34815,seqnb,7685.0,timestamp1,2017-07-23T12:27:34.172,otl,19.37,otl_Unit,inch,tt,180.0,tt_Unit,ms,oga,55.78,oga_Unit,inch,devicelist,FC300008,ole,18.8,size_Unit,inch,owi,18.6,ohe,13.0,oa,-3.0,oa_Unit,degree/10,obv,45458.0,obv_Unit,inch3/10,orv,0.0,orv_Unit,inch3/10,otve,2767.0,otve_Unit,mm/sec,speed,537.01,speed_Unit,ft/min,owe,22.3,owe_Unit,LB,TooBig,0,NoRead,0,LFT,1,MultiRead,0,Irreg,0,TooSmall,0,Gap,0,ValidDim,1,ValidRead,1,Clipping,0,PeError,0
devicename,0089PS06CT1,deviceid,32.0,timestamp,2017-07-23T12:27:36.580,incr,2263.0,tokenid,0089PS06CT12017-07-23T12:27:34816,seqnb,7686.0,timestamp1,2017-07-23T12:27:34.520,otl,18.77,otl_Unit,inch,tt,174.0,tt_Unit,ms,oga,18.77,oga_Unit,inch,devicelist,FC300008,ole,18.0,size_Unit,inch,owi,16.2,ohe,12.4,oa,-21.0,oa_Unit,degree/10,obv,36158.0,obv_Unit,inch3/10,orv,0.0,orv_Unit,inch3/10,otve,2778.0,otve_Unit,mm/sec,speed,537.01,speed_Unit,ft/min,owe,11.4,owe_Unit,LB,TooBig,0,NoRead,0,LFT,1,MultiRead,0,Irreg,0,TooSmall,0,Gap,0,ValidDim,1,ValidRead,1,Clipping,0,PeError,0
devicename,0089PS06CT1,deviceid,32.0,timestamp,2017-07-23T12:27:37.244,incr,4033.0,tokenid,0089PS06CT12017-07-23T12:27:35817,seqnb,7687.0,timestamp1,2017-07-23T12:27:35.183,otl,50.31,otl_Unit,inch,tt,466.0,tt_Unit,ms,oga,21.22,oga_Unit,inch,devicelist,FC300008,ole,47.8,size_Unit,inch,owi,16.6,ohe,6.4,oa,-263.0,oa_Unit,degree/10,obv,50783.0,obv_Unit,inch3/10,orv,0.0,orv_Unit,inch3/10,otve,2775.0,otve_Unit,mm/sec,speed,537.01,speed_Unit,ft/min,owe,9.3,owe_Unit,LB,TooBig,0,NoRead,0,LFT,0,MultiRead,1,Irreg,1,TooSmall,0,Gap,0,ValidDim,0,ValidRead,0,Clipping,0,PeError,0
devicename,0089PS06CT1,deviceid,32.0,timestamp,2017-07-23T12:27:37.636,incr,5083.0,tokenid,0089PS06CT12017-07-23T12:27:35818,seqnb,7688.0,timestamp1,2017-07-23T12:27:35.582,otl,22.4,otl_Unit,inch,tt,209.0,tt_Unit,ms,oga,20.59,oga_Unit,inch,devicelist,FC300008,ole,16.4,size_Unit,inch,owi,15.8,ohe,8.0,oa,415.0,oa_Unit,degree/10,obv,20730.0,obv_Unit,inch3/10,orv,0.0,orv_Unit,inch3/10,otve,2815.0,otve_Unit,mm/sec,speed,537.01,speed_Unit,ft/min,owe,2.9,owe_Unit,LB,TooBig,0,NoRead,0,LFT,1,MultiRead,0,Irreg,0,TooSmall,0,Gap,0,ValidDim,1,ValidRead,1,Clipping,0,PeError,0
devicename,0089PS06CT1,deviceid,32.0,timestamp,2017-07-23T12:27:38.009,incr,6088.0,tokenid,0089PS06CT12017-07-23T12:27:35819,seqnb,7689.0,timestamp1,2017-07-23T12:27:35.942,otl,15.15,otl_Unit,inch,tt,141.0,tt_Unit,ms,oga,23.62,oga_Unit,inch,devicelist,FC300008,ole,15.0,size_Unit,inch,owi,6.4,ohe,6.2,oa,-35.0,oa_Unit,degree/10,obv,5952.0,obv_Unit,inch3/10,orv,0.0,orv_Unit,inch3/10,otve,2762.0,otve_Unit,mm/sec,speed,537.01,speed_Unit,ft/min,owe,0.8,owe_Unit,LB,TooBig,0,NoRead,0,LFT,1,MultiRead,0,Irreg,0,TooSmall,0,Gap,0,ValidDim,1,ValidRead,1,Clipping,0,PeError,0
devicename,0089PS06CT1,deviceid,32.0,timestamp,2017-07-23T12:27:38.505,incr,7408.0,tokenid,0089PS06CT12017-07-23T12:27:36820,seqnb,7690.0,timestamp1,2017-07-23T12:27:36.448,otl,32.12,otl_Unit,inch,tt,298.0,tt_Unit,ms,oga,22.4,oga_Unit,inch,devicelist,FC300008,ole,31.4,size_Unit,inch,owi,12.6,ohe,9.8,oa,-22.0,oa_Unit,degree/10,obv,38773.0,obv_Unit,inch3/10,orv,0.0,orv_Unit,inch3/10,otve,2764.0,otve_Unit,mm/sec,speed,537.01,speed_Unit,ft/min,owe,0.0,owe_Unit,LB,TooBig,0,NoRead,1,LFT,1,MultiRead,0,Irreg,0,TooSmall,0,Gap,0,ValidDim,1,ValidRead,1,Clipping,0,PeError,0
devicename,0089PS06CT1,deviceid,32.0,timestamp,2017-07-23T12:27:38.914,incr,8503.0,tokenid,0089PS06CT12017-07-23T12:27:36821,seqnb,7691.0,timestamp1,2017-07-23T12:27:36.876,otl,24.25,otl_Unit,inch,tt,225.0,tt_Unit,ms,oga,21.81,oga_Unit,inch,devicelist,FC300008,ole,23.8,size_Unit,inch,owi,14.4,ohe,11.0,oa,-9.0,oa_Unit,degree/10,obv,37699.0,obv_Unit,inch3/10,orv,0.0,orv_Unit,inch3/10,otve,2764.0,otve_Unit,mm/sec,speed,537.01,speed_Unit,ft/min,owe,12.1,owe_Unit,LB,TooBig,0,NoRead,0,LFT,1,MultiRead,0,Irreg,0,TooSmall,0,Gap,0,ValidDim,1,ValidRead,1,Clipping,0,PeError,0
devicename,0089PS06CT1,deviceid,32.0,timestamp,2017-07-23T12:27:39.317,incr,9583.0,tokenid,0089PS06CT12017-07-23T12:27:37822,seqnb,7692.0,timestamp1,2017-07-23T12:27:37.264,otl,21.81,otl_Unit,inch,tt,203.0,tt_Unit,ms,oga,18.77,oga_Unit,inch,devicelist,FC300008,ole,18.4,size_Unit,inch,owi,24.8,ohe,9.4,oa,-820.0,oa_Unit,degree/10,obv,42894.0,obv_Unit,inch3/10,orv,0.0,orv_Unit,inch3/10,otve,2773.0,otve_Unit,mm/sec,speed,537.01,speed_Unit,ft/min,owe,19.7,owe_Unit,LB,TooBig,0,NoRead,0,LFT,1,MultiRead,0,Irreg,0,TooSmall,0,Gap,0,ValidDim,1,ValidRead,1,Clipping,0,PeError,0
devicename,0089PS06CT1,deviceid,32.0,timestamp,2017-07-23T12:27:39.691,incr,10573.0,tokenid,0089PS06CT12017-07-23T12:27:37823,seqnb,7693.0,timestamp1,2017-07-23T12:27:37.654,otl,20.59,otl_Unit,inch,tt,191.0,tt_Unit,ms,oga,19.37,oga_Unit,inch,devicelist,FC300008,ole,18.4,size_Unit,inch,owi,24.8,ohe,9.2,oa,-865.0,oa_Unit,degree/10,obv,41981.0,obv_Unit,inch3/10,orv,0.0,orv_Unit,inch3/10,otve,2767.0,otve_Unit,mm/sec,speed,537.01,speed_Unit,ft/min,owe,19.7,owe_Unit,LB,TooBig,0,NoRead,0,LFT,1,MultiRead,0,Irreg,0,TooSmall,0,Gap,0,ValidDim,1,ValidRead,1,Clipping,0,PeError,0
devicename,0089PS06CT1,deviceid,32.0,timestamp,2017-07-23T12:27:40.148,incr,11803.0,tokenid,0089PS06CT12017-07-23T12:27:38824,seqnb,7694.0,timestamp1,2017-07-23T12:27:38.089,otl,22.4,otl_Unit,inch,tt,208.0,tt_Unit,ms,oga,27.87,oga_Unit,inch,devicelist,FC300008,ole,21.2,size_Unit,inch,owi,14.4,ohe,5.2,oa,-31.0,oa_Unit,degree/10,obv,15875.0,obv_Unit,inch3/10,orv,0.0,orv_Unit,inch3/10,otve,2804.0,otve_Unit,mm/sec,speed,537.01,speed_Unit,ft/min,owe,5.5,owe_Unit,LB,TooBig,0,NoRead,0,LFT,1,MultiRead,0,Irreg,0,TooSmall,0,Gap,0,ValidDim,1,ValidRead,1,Clipping,0,PeError,0
devicename,0089PS06CT1,deviceid,32.0,timestamp,2017-07-23T12:27:40.934,incr,13888.0,tokenid,0089PS06CT12017-07-23T12:27:38825,seqnb,7695.0,timestamp1,2017-07-23T12:27:38.869,otl,24.84,otl_Unit,inch,tt,229.0,tt_Unit,ms,oga,59.4,oga_Unit,inch,devicelist,FC300008,ole,24.6,size_Unit,inch,owi,18.8,ohe,9.0,oa,-11.0,oa_Unit,degree/10,obv,41623.0,obv_Unit,inch3/10,orv,0.0,orv_Unit,inch3/10,otve,2773.0,otve_Unit,mm/sec,speed,537.01,speed_Unit,ft/min,owe,19.6,owe_Unit,LB,TooBig,0,NoRead,0,LFT,1,MultiRead,0,Irreg,0,TooSmall,0,Gap,0,ValidDim,1,ValidRead,1,Clipping,0,PeError,0
devicename,0089PS06CT1,deviceid,32.0,timestamp,2017-07-23T12:27:41.448,incr,15268.0,tokenid,0089PS06CT12017-07-23T12:27:39826,seqnb,7696.0,timestamp1,2017-07-23T12:27:39.391,otl,24.84,otl_Unit,inch,tt,230.0,tt_Unit,ms,oga,31.53,oga_Unit,inch,devicelist,FC300008,ole,24.2,size_Unit,inch,owi,12.6,ohe,12.4,oa,-15.0,oa_Unit,degree/10,obv,37810.0,obv_Unit,inch3/10,orv,0.0,orv_Unit,inch3/10,otve,2778.0,otve_Unit,mm/sec,speed,537.01,speed_Unit,ft/min,owe,37.6,owe_Unit,LB,TooBig,0,NoRead,0,LFT,1,MultiRead,0,Irreg,0,TooSmall,0,Gap,0,ValidDim,1,ValidRead,1,Clipping,0,PeError,0
devicename,0089PS06CT1,deviceid,32.0,timestamp,2017-07-23T12:27:43.428,incr,20563.0,tokenid,0089PS06CT12017-07-23T12:27:41827,seqnb,7697.0,timestamp1,2017-07-23T12:27:41.380,otl,44.25,otl_Unit,inch,tt,410.0,tt_Unit,ms,oga,170.39,oga_Unit,inch,devicelist,FC300008,ole,43.4,size_Unit,inch,owi,23.6,ohe,12.4,oa,-7.0,oa_Unit,degree/10,obv,127006.0,obv_Unit,inch3/10,orv,0.0,orv_Unit,inch3/10,otve,2764.0,otve_Unit,mm/sec,speed,541.93,speed_Unit,ft/min,owe,74.4,owe_Unit,LB,TooBig,0,NoRead,0,LFT,1,MultiRead,0,Irreg,0,TooSmall,0,Gap,0,ValidDim,1,ValidRead,1,Clipping,0,PeError,0
devicename,0089PS06CT1,deviceid,32.0,timestamp,2017-07-23T12:27:43.971,incr,22018.0,tokenid,0089PS06CT12017-07-23T12:27:41828,seqnb,7698.0,timestamp1,2017-07-23T12:27:41.902,otl,13.3,otl_Unit,inch,tt,123.0,tt_Unit,ms,oga,43.03,oga_Unit,inch,devicelist,FC300008,ole,12.8,size_Unit,inch,owi,15.0,ohe,2.4,oa,887.0,oa_Unit,degree/10,obv,4608.0,obv_Unit,inch3/10,orv,0.0,orv_Unit,inch3/10,otve,2807.0,otve_Unit,mm/sec,speed,541.93,speed_Unit,ft/min,owe,1.3,owe_Unit,LB,TooBig,0,NoRead,0,LFT,0,MultiRead,0,Irreg,1,TooSmall,0,Gap,0,ValidDim,0,ValidRead,1,Clipping,0,PeError,0
devicename,0089PS06CT1,deviceid,32.0,timestamp,2017-07-23T12:27:44.289,incr,22873.0,tokenid,0089PS06CT12017-07-23T12:27:42829,seqnb,7699.0,timestamp1,2017-07-23T12:27:42.254,otl,18.18,otl_Unit,inch,tt,168.0,tt_Unit,ms,oga,20.0,oga_Unit,inch,devicelist,FC300008,ole,17.8,size_Unit,inch,owi,11.6,ohe,8.2,oa,-21.0,oa_Unit,degree/10,obv,16931.0,obv_Unit,inch3/10,orv,0.0,orv_Unit,inch3/10,otve,2812.0,otve_Unit,mm/sec,speed,541.93,speed_Unit,ft/min,owe,30.6,owe_Unit,LB,TooBig,0,NoRead,0,LFT,1,MultiRead,0,Irreg,0,TooSmall,0,Gap,0,ValidDim,1,ValidRead,1,Clipping,0,PeError,0
devicename,0089PS06CT1,deviceid,32.0,timestamp,2017-07-23T12:27:44.636,incr,23788.0,tokenid,0089PS06CT12017-07-23T12:27:42830,seqnb,7700.0,timestamp1,2017-07-23T12:27:42.596,otl,16.96,otl_Unit,inch,tt,157.0,tt_Unit,ms,oga,20.0,oga_Unit,inch,devicelist,FC300008,ole,16.6,size_Unit,inch,owi,13.6,ohe,11.0,oa,-32.0,oa_Unit,degree/10,obv,24834.0,obv_Unit,inch3/10,orv,0.0,orv_Unit,inch3/10,otve,2767.0,otve_Unit,mm/sec,speed,536.42,speed_Unit,ft/min,owe,26.5,owe_Unit,LB,TooBig,0,NoRead,1,LFT,0,MultiRead,0,Irreg,1,TooSmall,0,Gap,0,ValidDim,0,ValidRead,1,Clipping,0,PeError,0
devicename,0089PS06CT1,deviceid,32.0,timestamp,2017-07-23T12:27:45.000,incr,24763.0,tokenid,0089PS06CT12017-07-23T12:27:42831,seqnb,7701.0,timestamp1,2017-07-23T12:27:42.949,otl,15.15,otl_Unit,inch,tt,140.0,tt_Unit,ms,oga,23.03,oga_Unit,inch,devicelist,FC300008,ole,14.6,size_Unit,inch,owi,19.2,ohe,12.0,oa,880.0,oa_Unit,degree/10,obv,33638.0,obv_Unit,inch3/10,orv,0.0,orv_Unit,inch3/10,otve,2783.0,otve_Unit,mm/sec,speed,538.19,speed_Unit,ft/min,owe,11.7,owe_Unit,LB,TooBig,0,NoRead,1,LFT,1,MultiRead,0,Irreg,0,TooSmall,0,Gap,0,ValidDim,1,ValidRead,1,Clipping,0,PeError,0
devicename,0089PS06CT1,deviceid,32.0,timestamp,2017-07-23T12:27:45.419,incr,25888.0,tokenid,0089PS06CT12017-07-23T12:27:43832,seqnb,7702.0,timestamp1,2017-07-23T12:27:43.369,otl,8.46,otl_Unit,inch,tt,78.0,tt_Unit,ms,oga,36.96,oga_Unit,inch,devicelist,FC300008,ole,7.4,size_Unit,inch,owi,9.4,ohe,5.6,oa,860.0,oa_Unit,degree/10,obv,3895.0,obv_Unit,inch3/10,orv,0.0,orv_Unit,inch3/10,otve,2754.0,otve_Unit,mm/sec,speed,538.19,speed_Unit,ft/min,owe,2.1,owe_Unit,LB,TooBig,0,NoRead,0,LFT,1,MultiRead,0,Irreg,0,TooSmall,0,Gap,0,ValidDim,1,ValidRead,1,Clipping,0,PeError,0
devicename,0089PS06CT1,deviceid,32.0,timestamp,2017-07-23T12:27:45.895,incr,27163.0,tokenid,0089PS06CT12017-07-23T12:27:43833,seqnb,7703.0,timestamp1,2017-07-23T12:27:43.829,otl,29.68,otl_Unit,inch,tt,274.0,tt_Unit,ms,oga,20.0,oga_Unit,inch,devicelist,FC300008,ole,24.8,size_Unit,inch,owi,18.4,ohe,9.4,oa,-175.0,oa_Unit,degree/10,obv,42894.0,obv_Unit,inch3/10,orv,0.0,orv_Unit,inch3/10,otve,2762.0,otve_Unit,mm/sec,speed,538.19,speed_Unit,ft/min,owe,19.7,owe_Unit,LB,TooBig,0,NoRead,0,LFT,1,MultiRead,0,Irreg,0,TooSmall,0,Gap,0,ValidDim,1,ValidRead,1,Clipping,0,PeError,0
devicename,0089PS06CT1,deviceid,32.0,timestamp,2017-07-23T12:27:46.415,incr,28543.0,tokenid,0089PS06CT12017-07-23T12:27:44834,seqnb,7704.0,timestamp1,2017-07-23T12:27:44.351,otl,27.87,otl_Unit,inch,tt,258.0,tt_Unit,ms,oga,28.5,oga_Unit,inch,devicelist,FC300008,ole,26.8,size_Unit,inch,owi,16.2,ohe,12.4,oa,-10.0,oa_Unit,degree/10,obv,53836.0,obv_Unit,inch3/10,orv,0.0,orv_Unit,inch3/10,otve,2767.0,otve_Unit,mm/sec,speed,538.19,speed_Unit,ft/min,owe,17.0,owe_Unit,LB,TooBig,0,NoRead,0,LFT,1,MultiRead,0,Irreg,0,TooSmall,0,Gap,0,ValidDim,1,ValidRead,1,Clipping,0,PeError,0
devicename,0089PS06CT1,deviceid,32.0,timestamp,2017-07-23T12:27:47.664,incr,31888.0,tokenid,0089PS06CT12017-07-23T12:27:45835,seqnb,7705.0,timestamp1,2017-07-23T12:27:45.626,otl,18.18,otl_Unit,inch,tt,169.0,tt_Unit,ms,oga,119.44,oga_Unit,inch,devicelist,FC300008,ole,18.0,size_Unit,inch,owi,11.8,ohe,10.2,oa,-16.0,oa_Unit,degree/10,obv,21665.0,obv_Unit,inch3/10,orv,0.0,orv_Unit,inch3/10,otve,2773.0,otve_Unit,mm/sec,speed,538.19,speed_Unit,ft/min,owe,36.2,owe_Unit,LB,TooBig,0,NoRead,0,LFT,1,MultiRead,0,Irreg,0,TooSmall,0,Gap,0,ValidDim,1,ValidRead,1,Clipping,0,PeError,0
devicename,0089PS06CT1,deviceid,32.0,timestamp,2017-07-23T12:27:47.992,incr,32758.0,tokenid,0089PS06CT12017-07-23T12:27:45836,seqnb,7706.0,timestamp1,2017-07-23T12:27:45.936,otl,13.3,otl_Unit,inch,tt,123.0,tt_Unit,ms,oga,20.0,oga_Unit,inch,devicelist,FC300008,ole,13.2,size_Unit,inch,owi,9.2,ohe,6.4,oa,-4.0,oa_Unit,degree/10,obv,7772.0,obv_Unit,inch3/10,orv,0.0,orv_Unit,inch3/10,otve,2767.0,otve_Unit,mm/sec,speed,538.19,speed_Unit,ft/min,owe,3.1,owe_Unit,LB,TooBig,0,NoRead,0,LFT,1,MultiRead,0,Irreg,0,TooSmall,0,Gap,0,ValidDim,1,ValidRead,1,Clipping,0,PeError,0
devicename,0089PS06CT1,deviceid,32.0,timestamp,2017-07-23T12:27:48.312,incr,33613.0,tokenid,0089PS06CT12017-07-23T12:27:46837,seqnb,7707.0,timestamp1,2017-07-23T12:27:46.263,otl,14.52,otl_Unit,inch,tt,136.0,tt_Unit,ms,oga,20.59,oga_Unit,inch,devicelist,FC300008,ole,14.4,size_Unit,inch,owi,14.2,ohe,10.2,oa,-11.0,oa_Unit,degree/10,obv,20857.0,obv_Unit,inch3/10,orv,0.0,orv_Unit,inch3/10,otve,2773.0,otve_Unit,mm/sec,speed,538.19,speed_Unit,ft/min,owe,6.6,owe_Unit,LB,TooBig,0,NoRead,0,LFT,1,MultiRead,0,Irreg,0,TooSmall,0,Gap,0,ValidDim,1,ValidRead,1,Clipping,0,PeError,0
devicename,0089PS06CT1,deviceid,32.0,timestamp,2017-07-23T12:27:48.703,incr,34663.0,tokenid,0089PS06CT12017-07-23T12:27:46838,seqnb,7708.0,timestamp1,2017-07-23T12:27:46.665,otl,18.77,otl_Unit,inch,tt,174.0,tt_Unit,ms,oga,24.84,oga_Unit,inch,devicelist,FC300008,ole,18.0,size_Unit,inch,owi,11.6,ohe,6.2,oa,-24.0,oa_Unit,degree/10,obv,12946.0,obv_Unit,inch3/10,orv,0.0,orv_Unit,inch3/10,otve,2762.0,otve_Unit,mm/sec,speed,538.19,speed_Unit,ft/min,owe,21.4,owe_Unit,LB,TooBig,0,NoRead,0,LFT,1,MultiRead,0,Irreg,0,TooSmall,0,Gap,0,ValidDim,1,ValidRead,1,Clipping,0,PeError,0
devicename,0089PS06CT1,deviceid,32.0,timestamp,2017-07-23T12:27:49.786,incr,37543.0,tokenid,0089PS06CT12017-07-23T12:27:47839,seqnb,7709.0,timestamp1,2017-07-23T12:27:47.731,otl,27.87,otl_Unit,inch,tt,258.0,tt_Unit,ms,oga,87.32,oga_Unit,inch,devicelist,FC300008,ole,31.2,size_Unit,inch,owi,12.4,ohe,11.8,oa,-6.0,owe,-1,oa_Unit,degree/10,obv,45652.0,obv_Unit,inch3/10,orv,0.0,orv_Unit,inch3/10,otve,2804.0,otve_Unit,mm/sec,speed,538.19,speed_Unit,ft/min,TooBig,0,NoRead,0,LFT,0,MultiRead,0,Irreg,1,TooSmall,0,Gap,0,ValidDim,0,ValidRead,1,Clipping,1,PeError,1
devicename,0089PS06CT1,deviceid,32.0,timestamp,2017-07-23T12:27:50.367,incr,39088.0,tokenid,0089PS06CT12017-07-23T12:27:48840,seqnb,7710.0,timestamp1,2017-07-23T12:27:48.330,otl,10.27,otl_Unit,inch,tt,95.0,tt_Unit,ms,oga,52.12,oga_Unit,inch,devicelist,FC300008,ole,10.4,size_Unit,inch,owi,8.4,ohe,6.6,oa,-1.0,oa_Unit,degree/10,obv,5766.0,obv_Unit,inch3/10,orv,0.0,orv_Unit,inch3/10,otve,2751.0,otve_Unit,mm/sec,speed,538.19,speed_Unit,ft/min,owe,2.6,owe_Unit,LB,TooBig,0,NoRead,0,LFT,1,MultiRead,0,Irreg,0,TooSmall,0,Gap,0,ValidDim,1,ValidRead,1,Clipping,0,PeError,0
devicename,0089PS06CT1,deviceid,32.0,timestamp,2017-07-23T12:27:50.804,incr,40258.0,tokenid,0089PS06CT12017-07-23T12:27:48841,seqnb,7711.0,timestamp1,2017-07-23T12:27:48.749,otl,19.37,otl_Unit,inch,tt,180.0,tt_Unit,ms,oga,27.87,oga_Unit,inch,devicelist,FC300008,ole,18.8,size_Unit,inch,owi,30.0,ohe,14.8,oa,-891.0,oa_Unit,degree/10,obv,83472.0,obv_Unit,inch3/10,orv,0.0,orv_Unit,inch3/10,otve,2794.0,otve_Unit,mm/sec,speed,538.19,speed_Unit,ft/min,owe,8.1,owe_Unit,LB,TooBig,0,NoRead,0,LFT,1,MultiRead,0,Irreg,0,TooSmall,0,Gap,0,ValidDim,1,ValidRead,1,Clipping,0,PeError,0
devicename,0089PS06CT1,deviceid,32.0,timestamp,2017-07-23T12:27:52.424,incr,44593.0,tokenid,0089PS06CT12017-07-23T12:27:50842,seqnb,7712.0,timestamp1,2017-07-23T12:27:50.387,otl,36.37,otl_Unit,inch,tt,337.0,tt_Unit,ms,oga,138.85,oga_Unit,inch,devicelist,FC300008,ole,35.8,size_Unit,inch,owi,4.8,ohe,2.8,oa,-24.0,oa_Unit,degree/10,obv,4812.0,obv_Unit,inch3/10,orv,0.0,orv_Unit,inch3/10,otve,2799.0,otve_Unit,mm/sec,speed,538.19,speed_Unit,ft/min,owe,4.7,owe_Unit,LB,TooBig,0,NoRead,0,LFT,1,MultiRead,0,Irreg,0,TooSmall,0,Gap,0,ValidDim,1,ValidRead,1,Clipping,0,PeError,0
devicename,0089PS06CT1,deviceid,32.0,timestamp,2017-07-23T12:27:53.082,incr,46348.0,tokenid,0089PS06CT12017-07-23T12:27:51843,seqnb,7713.0,timestamp1,2017-07-23T12:27:51.032,otl,21.81,otl_Unit,inch,tt,202.0,tt_Unit,ms,oga,49.09,oga_Unit,inch,devicelist,FC300008,ole,21.2,size_Unit,inch,owi,25.2,ohe,20.8,oa,884.0,oa_Unit,degree/10,obv,111122.0,obv_Unit,inch3/10,orv,0.0,orv_Unit,inch3/10,otve,2786.0,otve_Unit,mm/sec,speed,538.19,speed_Unit,ft/min,owe,67.4,owe_Unit,LB,TooBig,0,NoRead,0,LFT,1,MultiRead,0,Irreg,0,TooSmall,0,Gap,0,ValidDim,1,ValidRead,1,Clipping,0,PeError,0
devicename,0089PS06CT1,deviceid,32.0,timestamp,2017-07-23T12:27:53.850,incr,48388.0,tokenid,0089PS06CT12017-07-23T12:27:51844,seqnb,7714.0,timestamp1,2017-07-23T12:27:51.795,otl,48.5,otl_Unit,inch,tt,448.0,tt_Unit,ms,oga,33.93,oga_Unit,inch,devicelist,FC300008,ole,48.2,size_Unit,inch,owi,8.4,ohe,9.2,oa,-11.0,oa_Unit,degree/10,obv,37249.0,obv_Unit,inch3/10,orv,0.0,orv_Unit,inch3/10,otve,2773.0,otve_Unit,mm/sec,speed,538.19,speed_Unit,ft/min,owe,10.0,owe_Unit,LB,TooBig,0,NoRead,0,LFT,1,MultiRead,0,Irreg,0,TooSmall,0,Gap,0,ValidDim,1,ValidRead,1,Clipping,0,PeError,0
devicename,0089PS06CT1,deviceid,32.0,timestamp,2017-07-23T12:27:54.846,incr,51058.0,tokenid,0089PS06CT12017-07-23T12:27:52845,seqnb,7715.0,timestamp1,2017-07-23T12:27:52.807,otl,27.28,otl_Unit,inch,tt,253.0,tt_Unit,ms,oga,81.85,oga_Unit,inch,devicelist,FC300008,ole,30.2,size_Unit,inch,owi,12.4,ohe,11.8,oa,-8.0,oa_Unit,degree/10,obv,44189.0,obv_Unit,inch3/10,orv,0.0,orv_Unit,inch3/10,otve,2754.0,otve_Unit,mm/sec,speed,538.19,speed_Unit,ft/min,owe,16.7,owe_Unit,LB,TooBig,0,NoRead,1,LFT,1,MultiRead,0,Irreg,0,TooSmall,0,Gap,0,ValidDim,1,ValidRead,1,Clipping,0,PeError,0
devicename,0089PS06CT1,deviceid,32.0,timestamp,2017-07-23T12:27:55.600,incr,53068.0,tokenid,0089PS06CT12017-07-23T12:27:53846,seqnb,7716.0,timestamp1,2017-07-23T12:27:53.560,otl,25.47,otl_Unit,inch,tt,237.0,tt_Unit,ms,oga,55.78,oga_Unit,inch,devicelist,FC300008,ole,25.0,size_Unit,inch,owi,16.8,ohe,15.6,oa,27.0,oa_Unit,degree/10,obv,65520.0,obv_Unit,inch3/10,orv,0.0,orv_Unit,inch3/10,otve,2749.0,otve_Unit,mm/sec,speed,538.19,speed_Unit,ft/min,owe,5.3,owe_Unit,LB,TooBig,0,NoRead,1,LFT,1,MultiRead,0,Irreg,0,TooSmall,0,Gap,0,ValidDim,1,ValidRead,1,Clipping,0,PeError,0
devicename,0089PS06CT1,deviceid,32.0,timestamp,2017-07-23T12:27:55.907,incr,53893.0,tokenid,0089PS06CT12017-07-23T12:27:53847,seqnb,7717.0,timestamp1,2017-07-23T12:27:53.870,otl,12.12,otl_Unit,inch,tt,112.0,tt_Unit,ms,oga,21.22,oga_Unit,inch,devicelist,FC300008,ole,11.8,size_Unit,inch,owi,17.8,ohe,8.4,oa,878.0,oa_Unit,degree/10,obv,17643.0,obv_Unit,inch3/10,orv,0.0,orv_Unit,inch3/10,otve,2749.0,otve_Unit,mm/sec,speed,538.19,speed_Unit,ft/min,owe,30.9,owe_Unit,LB,TooBig,0,NoRead,0,LFT,1,MultiRead,0,Irreg,0,TooSmall,0,Gap,0,ValidDim,1,ValidRead,1,Clipping,0,PeError,0
devicename,0089PS06CT1,deviceid,32.0,timestamp,2017-07-23T12:27:56.628,incr,55813.0,tokenid,0089PS06CT12017-07-23T12:27:54848,seqnb,7718.0,timestamp1,2017-07-23T12:27:54.577,otl,31.53,otl_Unit,inch,tt,292.0,tt_Unit,ms,oga,44.84,oga_Unit,inch,devicelist,FC300008,ole,30.6,size_Unit,inch,owi,19.8,ohe,17.8,oa,-22.0,oa_Unit,degree/10,obv,107847.0,obv_Unit,inch3/10,orv,0.0,orv_Unit,inch3/10,otve,2767.0,otve_Unit,mm/sec,speed,538.19,speed_Unit,ft/min,owe,26.0,owe_Unit,LB,TooBig,0,NoRead,0,LFT,1,MultiRead,0,Irreg,0,TooSmall,0,Gap,0,ValidDim,1,ValidRead,1,Clipping,0,PeError,0
devicename,0089PS06CT1,deviceid,32.0,timestamp,2017-07-23T12:27:57.374,incr,57808.0,tokenid,0089PS06CT12017-07-23T12:27:55849,seqnb,7719.0,timestamp1,2017-07-23T12:27:55.318,otl,13.3,otl_Unit,inch,tt,124.0,tt_Unit,ms,oga,66.69,oga_Unit,inch,devicelist,FC300008,ole,12.6,size_Unit,inch,owi,20.8,ohe,2.8,oa,884.0,oa_Unit,degree/10,obv,7338.0,obv_Unit,inch3/10,orv,0.0,orv_Unit,inch3/10,otve,2741.0,otve_Unit,mm/sec,speed,538.19,speed_Unit,ft/min,owe,1.4,owe_Unit,LB,TooBig,0,NoRead,0,LFT,1,MultiRead,0,Irreg,0,TooSmall,0,Gap,0,ValidDim,1,ValidRead,1,Clipping,0,PeError,0
devicename,0089PS06CT1,deviceid,32.0,timestamp,2017-07-23T12:27:57.720,incr,58738.0,tokenid,0089PS06CT12017-07-23T12:27:55850,seqnb,7720.0,timestamp1,2017-07-23T12:27:55.683,otl,18.77,otl_Unit,inch,tt,174.0,tt_Unit,ms,oga,20.59,oga_Unit,inch,devicelist,FC300008,ole,18.0,size_Unit,inch,owi,12.0,ohe,10.0,oa,-25.0,oa_Unit,degree/10,obv,21600.0,obv_Unit,inch3/10,orv,0.0,orv_Unit,inch3/10,otve,2759.0,otve_Unit,mm/sec,speed,538.19,speed_Unit,ft/min,owe,36.1,owe_Unit,LB,TooBig,0,NoRead,0,LFT,1,MultiRead,0,Irreg,0,TooSmall,0,Gap,0,ValidDim,1,ValidRead,1,Clipping,0,PeError,0
devicename,0089PS06CT1,deviceid,32.0,timestamp,2017-07-23T12:27:58.249,incr,60148.0,tokenid,0089PS06CT12017-07-23T12:27:56851,seqnb,7721.0,timestamp1,2017-07-23T12:27:56.210,otl,27.28,otl_Unit,inch,tt,253.0,tt_Unit,ms,oga,29.68,oga_Unit,inch,devicelist,FC300008,ole,27.4,size_Unit,inch,owi,12.6,ohe,11.2,oa,-6.0,oa_Unit,degree/10,obv,38667.0,obv_Unit,inch3/10,orv,0.0,orv_Unit,inch3/10,otve,2773.0,otve_Unit,mm/sec,speed,538.19,speed_Unit,ft/min,owe,17.1,owe_Unit,LB,TooBig,0,NoRead,1,LFT,1,MultiRead,0,Irreg,0,TooSmall,0,Gap,0,ValidDim,1,ValidRead,1,Clipping,0,PeError,0
devicename,0089PS06CT1,deviceid,32.0,timestamp,2017-07-23T12:27:58.718,incr,61393.0,tokenid,0089PS06CT12017-07-23T12:27:56852,seqnb,7722.0,timestamp1,2017-07-23T12:27:56.665,otl,23.03,otl_Unit,inch,tt,213.0,tt_Unit,ms,oga,26.06,oga_Unit,inch,devicelist,FC300008,ole,22.2,size_Unit,inch,owi,10.4,ohe,10.4,oa,-12.0,oa_Unit,degree/10,obv,24012.0,obv_Unit,inch3/10,orv,0.0,orv_Unit,inch3/10,otve,2767.0,otve_Unit,mm/sec,speed,538.19,speed_Unit,ft/min,owe,11.2,owe_Unit,LB,TooBig,0,NoRead,0,LFT,1,MultiRead,0,Irreg,0,TooSmall,0,Gap,0,ValidDim,1,ValidRead,1,Clipping,0,PeError,0
devicename,0089PS06CT1,deviceid,32.0,timestamp,2017-07-23T12:27:59.699,incr,64018.0,tokenid,0089PS06CT12017-07-23T12:27:57853,seqnb,7723.0,timestamp1,2017-07-23T12:27:57.658,otl,49.72,otl_Unit,inch,tt,461.0,tt_Unit,ms,oga,57.59,oga_Unit,inch,devicelist,FC300008,ole,49.2,size_Unit,inch,owi,10.6,ohe,5.0,oa,-9.0,oa_Unit,degree/10,obv,26076.0,obv_Unit,inch3/10,orv,0.0,orv_Unit,inch3/10,otve,2778.0,otve_Unit,mm/sec,speed,538.19,speed_Unit,ft/min,owe,12.9,owe_Unit,LB,TooBig,0,NoRead,1,LFT,1,MultiRead,0,Irreg,0,TooSmall,0,Gap,0,ValidDim,1,ValidRead,1,Clipping,0,PeError,0
devicename,0089PS06CT1,deviceid,32.0,timestamp,2017-07-23T12:28:00.864,incr,1587.0,tokenid,0089PS06CT12017-07-23T12:27:58854,seqnb,7724.0,timestamp1,2017-07-23T12:27:58.811,otl,20.59,otl_Unit,inch,tt,191.0,tt_Unit,ms,oga,103.7,oga_Unit,inch,devicelist,FC300008,ole,19.4,size_Unit,inch,owi,13.2,ohe,11.6,oa,-33.0,oa_Unit,degree/10,obv,29705.0,obv_Unit,inch3/10,orv,0.0,orv_Unit,inch3/10,otve,2773.0,otve_Unit,mm/sec,speed,538.19,speed_Unit,ft/min,owe,33.0,owe_Unit,LB,TooBig,0,NoRead,0,LFT,1,MultiRead,0,Irreg,0,TooSmall,0,Gap,0,ValidDim,1,ValidRead,1,Clipping,0,PeError,0
devicename,0089PS06CT1,deviceid,32.0,timestamp,2017-07-23T12:28:01.363,incr,2922.0,tokenid,0089PS06CT12017-07-23T12:27:59855,seqnb,7725.0,timestamp1,2017-07-23T12:27:59.310,otl,15.74,otl_Unit,inch,tt,146.0,tt_Unit,ms,oga,38.18,oga_Unit,inch,devicelist,FC300008,ole,14.6,size_Unit,inch,owi,18.4,ohe,13.0,oa,871.0,oa_Unit,degree/10,obv,34923.0,obv_Unit,inch3/10,orv,0.0,orv_Unit,inch3/10,otve,2767.0,otve_Unit,mm/sec,speed,538.19,speed_Unit,ft/min,owe,5.9,owe_Unit,LB,TooBig,0,NoRead,0,LFT,1,MultiRead,0,Irreg,0,TooSmall,0,Gap,0,ValidDim,1,ValidRead,1,Clipping,0,PeError,0
devicename,0089PS06CT1,deviceid,32.0,timestamp,2017-07-23T12:28:01.891,incr,4332.0,tokenid,0089PS06CT12017-07-23T12:27:59856,seqnb,7726.0,timestamp1,2017-07-23T12:27:59.839,otl,12.71,otl_Unit,inch,tt,118.0,tt_Unit,ms,oga,44.25,oga_Unit,inch,devicelist,FC300008,ole,12.8,size_Unit,inch,owi,18.8,ohe,2.8,oa,875.0,oa_Unit,degree/10,obv,6738.0,obv_Unit,inch3/10,orv,0.0,orv_Unit,inch3/10,otve,2783.0,otve_Unit,mm/sec,speed,538.19,speed_Unit,ft/min,owe,1.2,owe_Unit,LB,TooBig,0,NoRead,0,LFT,1,MultiRead,0,Irreg,0,TooSmall,0,Gap,0,ValidDim,1,ValidRead,1,Clipping,0,PeError,0
devicename,0089PS06CT1,deviceid,32.0,timestamp,2017-07-23T12:28:02.591,incr,6207.0,tokenid,0089PS06CT12017-07-23T12:28:00857,seqnb,7727.0,timestamp1,2017-07-23T12:28:00.536,otl,14.52,otl_Unit,inch,tt,136.0,tt_Unit,ms,oga,60.62,oga_Unit,inch,devicelist,FC300008,ole,14.4,size_Unit,inch,owi,17.6,ohe,8.6,oa,-900.0,oa_Unit,degree/10,obv,21796.0,obv_Unit,inch3/10,orv,0.0,orv_Unit,inch3/10,otve,2746.0,otve_Unit,mm/sec,speed,538.19,speed_Unit,ft/min,owe,18.6,owe_Unit,LB,TooBig,0,NoRead,0,LFT,1,MultiRead,0,Irreg,0,TooSmall,0,Gap,0,ValidDim,1,ValidRead,1,Clipping,0,PeError,0
devicename,0089PS06CT1,deviceid,32.0,timestamp,2017-07-23T12:28:03.047,incr,7422.0,tokenid,0089PS06CT12017-07-23T12:28:00858,seqnb,7728.0,timestamp1,2017-07-23T12:28:00.986,otl,21.22,otl_Unit,inch,tt,196.0,tt_Unit,ms,oga,27.28,oga_Unit,inch,devicelist,FC300008,ole,20.2,size_Unit,inch,owi,20.4,ohe,18.4,oa,878.0,oa_Unit,degree/10,obv,75823.0,obv_Unit,inch3/10,orv,0.0,orv_Unit,inch3/10,otve,2762.0,otve_Unit,mm/sec,speed,538.19,speed_Unit,ft/min,owe,11.1,owe_Unit,LB,TooBig,0,NoRead,0,LFT,1,MultiRead,0,Irreg,0,TooSmall,0,Gap,0,ValidDim,1,ValidRead,1,Clipping,0,PeError,0
devicename,0089PS06CT1,deviceid,32.0,timestamp,2017-07-23T12:28:03.795,incr,9417.0,tokenid,0089PS06CT12017-07-23T12:28:01859,seqnb,7729.0,timestamp1,2017-07-23T12:28:01.727,otl,25.47,otl_Unit,inch,tt,236.0,tt_Unit,ms,oga,54.56,oga_Unit,inch,devicelist,FC300008,ole,24.4,size_Unit,inch,owi,18.4,ohe,9.2,oa,-11.0,oa_Unit,degree/10,obv,41304.0,obv_Unit,inch3/10,orv,0.0,orv_Unit,inch3/10,otve,2762.0,otve_Unit,mm/sec,speed,538.19,speed_Unit,ft/min,owe,19.4,owe_Unit,LB,TooBig,0,NoRead,0,LFT,1,MultiRead,0,Irreg,0,TooSmall,0,Gap,0,ValidDim,1,ValidRead,1,Clipping,0,PeError,0
devicename,0089PS06CT1,deviceid,32.0,timestamp,2017-07-23T12:28:04.189,incr,10467.0,tokenid,0089PS06CT12017-07-23T12:28:02860,seqnb,7730.0,timestamp1,2017-07-23T12:28:02.149,otl,24.25,otl_Unit,inch,tt,225.0,tt_Unit,ms,oga,21.22,oga_Unit,inch,devicelist,FC300008,ole,23.8,size_Unit,inch,owi,4.2,ohe,4.2,oa,-44.0,oa_Unit,degree/10,obv,4198.0,obv_Unit,inch3/10,orv,0.0,orv_Unit,inch3/10,otve,2762.0,otve_Unit,mm/sec,speed,538.19,speed_Unit,ft/min,owe,1.4,owe_Unit,LB,TooBig,0,NoRead,1,LFT,1,MultiRead,0,Irreg,0,TooSmall,0,Gap,0,ValidDim,1,ValidRead,1,Clipping,0,PeError,0
devicename,0089PS06CT1,deviceid,32.0,timestamp,2017-07-23T12:28:04.626,incr,11637.0,tokenid,0089PS06CT12017-07-23T12:28:02861,seqnb,7731.0,timestamp1,2017-07-23T12:28:02.615,otl,23.03,otl_Unit,inch,tt,214.0,tt_Unit,ms,oga,24.25,oga_Unit,inch,devicelist,FC300008,ole,22.4,size_Unit,inch,owi,10.6,ohe,10.4,oa,-16.0,oa_Unit,degree/10,obv,24694.0,obv_Unit,inch3/10,orv,0.0,orv_Unit,inch3/10,otve,2764.0,otve_Unit,mm/sec,speed,538.19,speed_Unit,ft/min,owe,14.2,owe_Unit,LB,TooBig,0,NoRead,1,LFT,1,MultiRead,0,Irreg,0,TooSmall,0,Gap,0,ValidDim,1,ValidRead,1,Clipping,0,PeError,0
devicename,0089PS06CT1,deviceid,32.0,timestamp,2017-07-23T12:28:05.674,incr,14427.0,tokenid,0089PS06CT12017-07-23T12:28:03862,seqnb,7732.0,timestamp1,2017-07-23T12:28:03.609,otl,23.03,otl_Unit,inch,tt,214.0,tt_Unit,ms,oga,87.32,oga_Unit,inch,devicelist,FC300008,ole,19.0,size_Unit,inch,owi,24.2,ohe,9.2,oa,-783.0,oa_Unit,degree/10,obv,42302.0,obv_Unit,inch3/10,orv,0.0,orv_Unit,inch3/10,otve,2770.0,otve_Unit,mm/sec,speed,538.19,speed_Unit,ft/min,owe,19.7,owe_Unit,LB,TooBig,0,NoRead,0,LFT,1,MultiRead,0,Irreg,0,TooSmall,0,Gap,0,ValidDim,1,ValidRead,1,Clipping,0,PeError,0
devicename,0089PS06CT1,deviceid,32.0,timestamp,2017-07-23T12:28:06.255,incr,15987.0,tokenid,0089PS06CT12017-07-23T12:28:04863,seqnb,7733.0,timestamp1,2017-07-23T12:28:04.207,otl,37.59,otl_Unit,inch,tt,348.0,tt_Unit,ms,oga,26.65,oga_Unit,inch,devicelist,FC300008,ole,36.8,size_Unit,inch,owi,10.8,ohe,4.0,oa,-20.0,oa_Unit,degree/10,obv,15898.0,obv_Unit,inch3/10,orv,0.0,orv_Unit,inch3/10,otve,2767.0,otve_Unit,mm/sec,speed,538.19,speed_Unit,ft/min,owe,15.2,owe_Unit,LB,TooBig,0,NoRead,1,LFT,1,MultiRead,0,Irreg,0,TooSmall,0,Gap,0,ValidDim,1,ValidRead,1,Clipping,0,PeError,0
devicename,0089PS06CT1,deviceid,32.0,timestamp,2017-07-23T12:28:06.873,incr,17637.0,tokenid,0089PS06CT12017-07-23T12:28:04864,seqnb,7734.0,timestamp1,2017-07-23T12:28:04.833,otl,28.5,otl_Unit,inch,tt,264.0,tt_Unit,ms,oga,39.4,oga_Unit,inch,devicelist,FC300008,ole,28.0,size_Unit,inch,owi,12.8,ohe,11.2,oa,-18.0,oa_Unit,degree/10,obv,40141.0,obv_Unit,inch3/10,orv,0.0,orv_Unit,inch3/10,otve,2754.0,otve_Unit,mm/sec,speed,538.19,speed_Unit,ft/min,owe,16.3,owe_Unit,LB,TooBig,0,NoRead,1,LFT,1,MultiRead,0,Irreg,0,TooSmall,0,Gap,0,ValidDim,1,ValidRead,1,Clipping,0,PeError,0
devicename,0089PS06CT1,deviceid,32.0,timestamp,2017-07-23T12:28:07.542,incr,19422.0,tokenid,0089PS06CT12017-07-23T12:28:05865,seqnb,7735.0,timestamp1,2017-07-23T12:28:05.490,otl,19.37,otl_Unit,inch,tt,180.0,tt_Unit,ms,oga,51.53,oga_Unit,inch,devicelist,FC300008,ole,14.8,size_Unit,inch,owi,19.2,ohe,6.0,oa,-746.0,oa_Unit,degree/10,obv,17050.0,obv_Unit,inch3/10,orv,0.0,orv_Unit,inch3/10,otve,2773.0,otve_Unit,mm/sec,speed,538.19,speed_Unit,ft/min,owe,3.1,owe_Unit,LB,TooBig,0,NoRead,0,LFT,1,MultiRead,0,Irreg,0,TooSmall,0,Gap,0,ValidDim,1,ValidRead,1,Clipping,0,PeError,0
devicename,0089PS06CT1,deviceid,32.0,timestamp,2017-07-23T12:28:08.021,incr,20697.0,tokenid,0089PS06CT12017-07-23T12:28:05866,seqnb,7736.0,timestamp1,2017-07-23T12:28:05.968,otl,12.12,otl_Unit,inch,tt,112.0,tt_Unit,ms,oga,39.4,oga_Unit,inch,devicelist,FC300008,ole,11.6,size_Unit,inch,owi,14.4,ohe,11.8,oa,870.0,oa_Unit,degree/10,obv,19711.0,obv_Unit,inch3/10,orv,0.0,orv_Unit,inch3/10,otve,2757.0,otve_Unit,mm/sec,speed,538.19,speed_Unit,ft/min,owe,13.3,owe_Unit,LB,TooBig,0,NoRead,0,LFT,1,MultiRead,0,Irreg,0,TooSmall,0,Gap,0,ValidDim,1,ValidRead,1,Clipping,0,PeError,0
devicename,0089PS06CT1,deviceid,32.0,timestamp,2017-07-23T12:28:09.130,incr,23652.0,tokenid,0089PS06CT12017-07-23T12:28:07867,seqnb,7737.0,timestamp1,2017-07-23T12:28:07.069,otl,24.84,otl_Unit,inch,tt,231.0,tt_Unit,ms,oga,93.97,oga_Unit,inch,devicelist,FC300008,ole,24.6,size_Unit,inch,owi,18.6,ohe,9.2,oa,-3.0,oa_Unit,degree/10,obv,42096.0,obv_Unit,inch3/10,orv,0.0,orv_Unit,inch3/10,otve,2778.0,otve_Unit,mm/sec,speed,538.19,speed_Unit,ft/min,owe,19.7,owe_Unit,LB,TooBig,0,NoRead,0,LFT,1,MultiRead,0,Irreg,0,TooSmall,0,Gap,0,ValidDim,1,ValidRead,1,Clipping,0,PeError,0
devicename,0089PS06CT1,deviceid,32.0,timestamp,2017-07-23T12:28:10.541,incr,27432.0,tokenid,0089PS06CT12017-07-23T12:28:08868,seqnb,7738.0,timestamp1,2017-07-23T12:28:08.481,otl,24.84,otl_Unit,inch,tt,231.0,tt_Unit,ms,oga,127.36,oga_Unit,inch,devicelist,FC300008,ole,25.2,size_Unit,inch,owi,18.8,ohe,9.4,oa,-3.0,oa_Unit,degree/10,obv,44533.0,obv_Unit,inch3/10,orv,0.0,orv_Unit,inch3/10,otve,2762.0,otve_Unit,mm/sec,speed,538.19,speed_Unit,ft/min,owe,19.3,owe_Unit,LB,TooBig,0,NoRead,0,LFT,1,MultiRead,0,Irreg,0,TooSmall,0,Gap,0,ValidDim,1,ValidRead,1,Clipping,0,PeError,0
devicename,0089PS06CT1,deviceid,32.0,timestamp,2017-07-23T12:28:11.353,incr,29592.0,tokenid,0089PS06CT12017-07-23T12:28:09869,seqnb,7739.0,timestamp1,2017-07-23T12:28:09.296,otl,14.52,otl_Unit,inch,tt,135.0,tt_Unit,ms,oga,73.38,oga_Unit,inch,devicelist,FC300008,ole,14.2,size_Unit,inch,owi,9.4,ohe,9.8,oa,-5.0,oa_Unit,degree/10,obv,13081.0,obv_Unit,inch3/10,orv,0.0,orv_Unit,inch3/10,otve,2765.0,otve_Unit,mm/sec,speed,538.19,speed_Unit,ft/min,owe,6.0,owe_Unit,LB,TooBig,0,NoRead,0,LFT,1,MultiRead,0,Irreg,0,TooSmall,0,Gap,0,ValidDim,1,ValidRead,1,Clipping,0,PeError,0
devicename,0089PS06CT1,deviceid,32.0,timestamp,2017-07-23T12:28:11.734,incr,30612.0,tokenid,0089PS06CT12017-07-23T12:28:09870,seqnb,7740.0,timestamp1,2017-07-23T12:28:09.696,otl,18.77,otl_Unit,inch,tt,176.0,tt_Unit,ms,oga,24.25,oga_Unit,inch,devicelist,FC300008,ole,17.8,size_Unit,inch,owi,11.8,ohe,10.4,oa,-12.0,oa_Unit,degree/10,obv,21844.0,obv_Unit,inch3/10,orv,0.0,orv_Unit,inch3/10,otve,2773.0,otve_Unit,mm/sec,speed,538.19,speed_Unit,ft/min,owe,36.0,owe_Unit,LB,TooBig,0,NoRead,0,LFT,1,MultiRead,0,Irreg,0,TooSmall,0,Gap,0,ValidDim,1,ValidRead,1,Clipping,0,PeError,0
devicename,0089PS06CT1,deviceid,32.0,timestamp,2017-07-23T12:28:14.144,incr,37032.0,tokenid,0089PS06CT12017-07-23T12:28:12871,seqnb,7741.0,timestamp1,2017-07-23T12:28:12.088,otl,13.3,otl_Unit,inch,tt,123.0,tt_Unit,ms,oga,245.0,oga_Unit,inch,devicelist,FC300008,ole,12.8,size_Unit,inch,owi,17.8,ohe,7.2,oa,-858.0,oa_Unit,degree/10,obv,16404.0,obv_Unit,inch3/10,orv,0.0,orv_Unit,inch3/10,otve,2751.0,otve_Unit,mm/sec,speed,538.19,speed_Unit,ft/min,owe,18.2,owe_Unit,LB,TooBig,0,NoRead,0,LFT,1,MultiRead,0,Irreg,0,TooSmall,0,Gap,0,ValidDim,1,ValidRead,1,Clipping,0,PeError,0
devicename,0089PS06CT1,deviceid,32.0,timestamp,2017-07-23T12:28:15.902,incr,41727.0,tokenid,0089PS06CT12017-07-23T12:28:13872,seqnb,7742.0,timestamp1,2017-07-23T12:28:13.848,otl,29.09,otl_Unit,inch,tt,270.0,tt_Unit,ms,oga,160.7,oga_Unit,inch,devicelist,FC300008,ole,28.4,size_Unit,inch,owi,19.4,ohe,19.4,oa,-17.0,oa_Unit,degree/10,obv,106886.0,obv_Unit,inch3/10,orv,0.0,orv_Unit,inch3/10,otve,2812.0,otve_Unit,mm/sec,speed,538.19,speed_Unit,ft/min,owe,31.6,owe_Unit,LB,TooBig,0,NoRead,0,LFT,1,MultiRead,0,Irreg,0,TooSmall,0,Gap,0,ValidDim,1,ValidRead,1,Clipping,0,PeError,0
devicename,0089PS06CT1,deviceid,32.0,timestamp,2017-07-23T12:28:16.171,incr,42447.0,tokenid,0089PS06CT12017-07-23T12:28:14873,seqnb,7743.0,timestamp1,2017-07-23T12:28:14.107,otl,9.68,otl_Unit,inch,tt,90.0,tt_Unit,ms,oga,18.18,oga_Unit,inch,devicelist,FC300008,ole,9.0,size_Unit,inch,owi,9.4,ohe,11.2,oa,870.0,oa_Unit,degree/10,obv,9475.0,obv_Unit,inch3/10,orv,0.0,orv_Unit,inch3/10,otve,2757.0,otve_Unit,mm/sec,speed,538.19,speed_Unit,ft/min,owe,3.2,owe_Unit,LB,TooBig,0,NoRead,0,LFT,1,MultiRead,0,Irreg,0,TooSmall,0,Gap,0,ValidDim,1,ValidRead,1,Clipping,0,PeError,0
devicename,0089PS06CT1,deviceid,32.0,timestamp,2017-07-23T12:28:17.388,incr,45702.0,tokenid,0089PS06CT12017-07-23T12:28:15874,seqnb,7744.0,timestamp1,2017-07-23T12:28:15.321,otl,21.22,otl_Unit,inch,tt,197.0,tt_Unit,ms,oga,109.76,oga_Unit,inch,devicelist,FC300008,ole,19.6,size_Unit,inch,owi,24.8,ohe,8.8,oa,-850.0,oa_Unit,degree/10,obv,42775.0,obv_Unit,inch3/10,orv,0.0,orv_Unit,inch3/10,otve,2751.0,otve_Unit,mm/sec,speed,538.19,speed_Unit,ft/min,owe,19.7,owe_Unit,LB,TooBig,0,NoRead,0,LFT,1,MultiRead,0,Irreg,0,TooSmall,0,Gap,0,ValidDim,1,ValidRead,1,Clipping,0,PeError,0
devicename,0089PS06CT1,deviceid,32.0,timestamp,2017-07-23T12:28:18.319,incr,48177.0,tokenid,0089PS06CT12017-07-23T12:28:16875,seqnb,7745.0,timestamp1,2017-07-23T12:28:16.260,otl,26.06,otl_Unit,inch,tt,242.0,tt_Unit,ms,oga,75.19,oga_Unit,inch,devicelist,FC300008,ole,25.2,size_Unit,inch,owi,18.6,ohe,10.2,oa,-8.0,oa_Unit,degree/10,obv,47809.0,obv_Unit,inch3/10,orv,0.0,orv_Unit,inch3/10,otve,2797.0,otve_Unit,mm/sec,speed,538.19,speed_Unit,ft/min,owe,22.1,owe_Unit,LB,TooBig,0,NoRead,0,LFT,1,MultiRead,0,Irreg,0,TooSmall,0,Gap,0,ValidDim,1,ValidRead,1,Clipping,0,PeError,0
devicename,0089PS06CT1,deviceid,32.0,timestamp,2017-07-23T12:28:18.981,incr,49947.0,tokenid,0089PS06CT12017-07-23T12:28:16876,seqnb,7746.0,timestamp1,2017-07-23T12:28:16.940,otl,20.0,otl_Unit,inch,tt,185.0,tt_Unit,ms,oga,53.34,oga_Unit,inch,devicelist,FC300008,ole,19.6,size_Unit,inch,owi,18.2,ohe,12.8,oa,-13.0,oa_Unit,degree/10,obv,45660.0,obv_Unit,inch3/10,orv,0.0,orv_Unit,inch3/10,otve,2762.0,otve_Unit,mm/sec,speed,538.19,speed_Unit,ft/min,owe,27.0,owe_Unit,LB,TooBig,0,NoRead,1,LFT,1,MultiRead,0,Irreg,0,TooSmall,0,Gap,0,ValidDim,1,ValidRead,1,Clipping,0,PeError,0
devicename,0089PS06CT1,deviceid,32.0,timestamp,2017-07-23T12:28:20.463,incr,53907.0,tokenid,0089PS06CT12017-07-23T12:28:18877,seqnb,7747.0,timestamp1,2017-07-23T12:28:18.395,otl,25.47,otl_Unit,inch,tt,236.0,tt_Unit,ms,oga,131.57,oga_Unit,inch,devicelist,FC300008,ole,25.2,size_Unit,inch,owi,18.6,ohe,10.0,oa,-12.0,oa_Unit,degree/10,obv,46872.0,obv_Unit,inch3/10,orv,0.0,orv_Unit,inch3/10,otve,2778.0,otve_Unit,mm/sec,speed,538.19,speed_Unit,ft/min,owe,21.5,owe_Unit,LB,TooBig,0,NoRead,0,LFT,1,MultiRead,0,Irreg,0,TooSmall,0,Gap,0,ValidDim,1,ValidRead,1,Clipping,0,PeError,0
devicename,0089PS06CT1,deviceid,32.0,timestamp,2017-07-23T12:28:22.004,incr,58017.0,tokenid,0089PS06CT12017-07-23T12:28:19878,seqnb,7748.0,timestamp1,2017-07-23T12:28:19.952,otl,21.22,otl_Unit,inch,tt,197.0,tt_Unit,ms,oga,146.77,oga_Unit,inch,devicelist,FC300008,ole,21.8,size_Unit,inch,owi,11.2,ohe,10.4,oa,-25.0,oa_Unit,degree/10,obv,25393.0,obv_Unit,inch3/10,orv,0.0,orv_Unit,inch3/10,otve,2746.0,otve_Unit,mm/sec,speed,538.19,speed_Unit,ft/min,owe,22.5,owe_Unit,LB,TooBig,0,NoRead,0,LFT,1,MultiRead,0,Irreg,0,TooSmall,0,Gap,0,ValidDim,1,ValidRead,1,Clipping,0,PeError,0
devicename,0089PS06CT1,deviceid,32.0,timestamp,2017-07-23T12:28:23.209,incr,61242.0,tokenid,0089PS06CT12017-07-23T12:28:21879,seqnb,7749.0,timestamp1,2017-07-23T12:28:21.172,otl,19.37,otl_Unit,inch,tt,179.0,tt_Unit,ms,oga,112.16,oga_Unit,inch,devicelist,FC300008,ole,18.6,size_Unit,inch,owi,13.2,ohe,12.6,oa,3.0,oa_Unit,degree/10,obv,30936.0,obv_Unit,inch3/10,orv,0.0,orv_Unit,inch3/10,otve,2773.0,otve_Unit,mm/sec,speed,538.19,speed_Unit,ft/min,owe,43.4,owe_Unit,LB,TooBig,0,NoRead,1,LFT,1,MultiRead,0,Irreg,0,TooSmall,0,Gap,0,ValidDim,1,ValidRead,1,Clipping,0,PeError,0
devicename,0089PS06CT1,deviceid,32.0,timestamp,2017-07-23T12:28:24.193,incr,63867.0,tokenid,0089PS06CT12017-07-23T12:28:22880,seqnb,7750.0,timestamp1,2017-07-23T12:28:22.142,otl,52.75,otl_Unit,inch,tt,488.0,tt_Unit,ms,oga,52.12,oga_Unit,inch,devicelist,FC300008,ole,52.4,size_Unit,inch,owi,28.4,ohe,3.8,oa,-3.0,oa_Unit,degree/10,obv,56550.0,obv_Unit,inch3/10,orv,0.0,orv_Unit,inch3/10,otve,2810.0,otve_Unit,mm/sec,speed,538.19,speed_Unit,ft/min,owe,34.8,owe_Unit,LB,TooBig,0,NoRead,0,LFT,1,MultiRead,0,Irreg,0,TooSmall,0,Gap,0,ValidDim,1,ValidRead,1,Clipping,0,PeError,0
devicename,0089PS06CT1,deviceid,32.0,timestamp,2017-07-23T12:28:25.378,incr,1496.0,tokenid,0089PS06CT12017-07-23T12:28:23881,seqnb,7751.0,timestamp1,2017-07-23T12:28:23.328,otl,18.18,otl_Unit,inch,tt,169.0,tt_Unit,ms,oga,109.76,oga_Unit,inch,devicelist,FC300008,ole,16.4,size_Unit,inch,owi,22.6,ohe,14.2,oa,862.0,oa_Unit,degree/10,obv,52631.0,obv_Unit,inch3/10,orv,0.0,orv_Unit,inch3/10,otve,2791.0,otve_Unit,mm/sec,speed,538.19,speed_Unit,ft/min,owe,22.5,owe_Unit,LB,TooBig,0,NoRead,0,LFT,0,MultiRead,0,Irreg,1,TooSmall,0,Gap,0,ValidDim,0,ValidRead,1,Clipping,0,PeError,0
devicename,0089PS06CT1,deviceid,32.0,timestamp,2017-07-23T12:28:26.382,incr,4166.0,tokenid,0089PS06CT12017-07-23T12:28:24882,seqnb,7752.0,timestamp1,2017-07-23T12:28:24.314,otl,24.84,otl_Unit,inch,tt,230.0,tt_Unit,ms,oga,81.85,oga_Unit,inch,devicelist,FC300008,ole,24.4,size_Unit,inch,owi,18.6,ohe,9.4,oa,-9.0,oa_Unit,degree/10,obv,42661.0,obv_Unit,inch3/10,orv,0.0,orv_Unit,inch3/10,otve,2767.0,otve_Unit,mm/sec,speed,538.19,speed_Unit,ft/min,owe,19.8,owe_Unit,LB,TooBig,0,NoRead,0,LFT,1,MultiRead,0,Irreg,0,TooSmall,0,Gap,0,ValidDim,1,ValidRead,1,Clipping,0,PeError,0
devicename,0089PS06CT1,deviceid,32.0,timestamp,2017-07-23T12:28:27.999,incr,8501.0,tokenid,0089PS06CT12017-07-23T12:28:25883,seqnb,7753.0,timestamp1,2017-07-23T12:28:25.928,otl,24.84,otl_Unit,inch,tt,231.0,tt_Unit,ms,oga,149.17,oga_Unit,inch,devicelist,FC300008,ole,24.4,size_Unit,inch,owi,18.8,ohe,9.4,oa,-9.0,oa_Unit,degree/10,obv,43120.0,obv_Unit,inch3/10,orv,0.0,orv_Unit,inch3/10,otve,2746.0,otve_Unit,mm/sec,speed,541.93,speed_Unit,ft/min,owe,19.7,owe_Unit,LB,TooBig,0,NoRead,0,LFT,1,MultiRead,0,Irreg,0,TooSmall,0,Gap,0,ValidDim,1,ValidRead,1,Clipping,0,PeError,0
devicename,0089PS06CT1,deviceid,32.0,timestamp,2017-07-23T12:28:29.076,incr,11381.0,tokenid,0089PS06CT12017-07-23T12:28:27884,seqnb,7754.0,timestamp1,2017-07-23T12:28:27.025,otl,20.59,otl_Unit,inch,tt,190.0,tt_Unit,ms,oga,97.63,oga_Unit,inch,devicelist,FC300008,ole,19.4,size_Unit,inch,owi,12.6,ohe,11.0,oa,-27.0,oa_Unit,degree/10,obv,26888.0,obv_Unit,inch3/10,orv,0.0,orv_Unit,inch3/10,otve,2773.0,otve_Unit,mm/sec,speed,541.93,speed_Unit,ft/min,owe,30.8,owe_Unit,LB,TooBig,0,NoRead,0,LFT,1,MultiRead,0,Irreg,0,TooSmall,0,Gap,0,ValidDim,1,ValidRead,1,Clipping,0,PeError,0
devicename,0089PS06CT1,deviceid,32.0,timestamp,2017-07-23T12:28:29.681,incr,13001.0,tokenid,0089PS06CT12017-07-23T12:28:27885,seqnb,7755.0,timestamp1,2017-07-23T12:28:27.636,otl,38.18,otl_Unit,inch,tt,354.0,tt_Unit,ms,oga,27.87,oga_Unit,inch,devicelist,FC300008,ole,36.8,size_Unit,inch,owi,21.0,ohe,5.2,oa,-14.0,oa_Unit,degree/10,obv,40186.0,obv_Unit,inch3/10,orv,0.0,orv_Unit,inch3/10,otve,2789.0,otve_Unit,mm/sec,speed,541.93,speed_Unit,ft/min,owe,57.1,owe_Unit,LB,TooBig,0,NoRead,1,LFT,1,MultiRead,0,Irreg,0,TooSmall,0,Gap,0,ValidDim,1,ValidRead,1,Clipping,0,PeError,0
devicename,0089PS06CT1,deviceid,32.0,timestamp,2017-07-23T12:28:30.122,incr,14171.0,tokenid,0089PS06CT12017-07-23T12:28:28886,seqnb,7756.0,timestamp1,2017-07-23T12:28:28.073,otl,18.77,otl_Unit,inch,tt,174.0,tt_Unit,ms,oga,28.5,oga_Unit,inch,devicelist,FC300008,ole,18.2,size_Unit,inch,owi,12.6,ohe,12.6,oa,-16.0,oa_Unit,degree/10,obv,28894.0,obv_Unit,inch3/10,orv,0.0,orv_Unit,inch3/10,otve,2762.0,otve_Unit,mm/sec,speed,541.93,speed_Unit,ft/min,owe,16.9,owe_Unit,LB,TooBig,0,NoRead,0,LFT,1,MultiRead,0,Irreg,0,TooSmall,0,Gap,0,ValidDim,1,ValidRead,1,Clipping,0,PeError,0
devicename,0089PS06CT1,deviceid,32.0,timestamp,2017-07-23T12:28:30.700,incr,15716.0,tokenid,0089PS06CT12017-07-23T12:28:28887,seqnb,7757.0,timestamp1,2017-07-23T12:28:28.627,otl,20.0,otl_Unit,inch,tt,184.0,tt_Unit,ms,oga,40.0,oga_Unit,inch,devicelist,FC300008,ole,19.0,size_Unit,inch,owi,14.4,ohe,12.0,oa,-22.0,oa_Unit,degree/10,obv,32832.0,obv_Unit,inch3/10,orv,0.0,orv_Unit,inch3/10,otve,2783.0,otve_Unit,mm/sec,speed,537.6,speed_Unit,ft/min,owe,11.7,owe_Unit,LB,TooBig,0,NoRead,0,LFT,1,MultiRead,0,Irreg,0,TooSmall,0,Gap,0,ValidDim,1,ValidRead,1,Clipping,0,PeError,0
devicename,0089PS06CT1,deviceid,32.0,timestamp,2017-07-23T12:28:31.185,incr,17006.0,tokenid,0089PS06CT12017-07-23T12:28:29888,seqnb,7758.0,timestamp1,2017-07-23T12:28:29.110,otl,24.25,otl_Unit,inch,tt,225.0,tt_Unit,ms,oga,27.87,oga_Unit,inch,devicelist,FC300008,ole,23.4,size_Unit,inch,owi,13.2,ohe,15.8,oa,-14.0,oa_Unit,degree/10,obv,48803.0,obv_Unit,inch3/10,orv,0.0,orv_Unit,inch3/10,otve,2762.0,otve_Unit,mm/sec,speed,537.6,speed_Unit,ft/min,owe,19.6,owe_Unit,LB,TooBig,0,NoRead,0,LFT,1,MultiRead,0,Irreg,0,TooSmall,0,Gap,0,ValidDim,1,ValidRead,1,Clipping,0,PeError,0
devicename,0089PS06CT1,deviceid,32.0,timestamp,2017-07-23T12:28:31.671,incr,18311.0,tokenid,0089PS06CT12017-07-23T12:28:29889,seqnb,7759.0,timestamp1,2017-07-23T12:28:29.609,otl,13.93,otl_Unit,inch,tt,128.0,tt_Unit,ms,oga,40.0,oga_Unit,inch,devicelist,FC300008,ole,13.8,size_Unit,inch,owi,12.6,ohe,6.4,oa,0.0,oa_Unit,degree/10,obv,11128.0,obv_Unit,inch3/10,orv,0.0,orv_Unit,inch3/10,otve,2773.0,otve_Unit,mm/sec,speed,537.6,speed_Unit,ft/min,owe,5.4,owe_Unit,LB,TooBig,0,NoRead,0,LFT,1,MultiRead,0,Irreg,0,TooSmall,0,Gap,0,ValidDim,1,ValidRead,1,Clipping,0,PeError,0
devicename,0089PS06CT1,deviceid,32.0,timestamp,2017-07-23T12:28:32.235,incr,19811.0,tokenid,0089PS06CT12017-07-23T12:28:30890,seqnb,7760.0,timestamp1,2017-07-23T12:28:30.183,otl,21.22,otl_Unit,inch,tt,197.0,tt_Unit,ms,oga,40.62,oga_Unit,inch,devicelist,FC300008,ole,20.2,size_Unit,inch,owi,20.6,ohe,18.4,oa,-898.0,oa_Unit,degree/10,obv,76566.0,obv_Unit,inch3/10,orv,0.0,orv_Unit,inch3/10,otve,2759.0,otve_Unit,mm/sec,speed,537.6,speed_Unit,ft/min,owe,8.5,owe_Unit,LB,TooBig,0,NoRead,0,LFT,1,MultiRead,0,Irreg,0,TooSmall,0,Gap,0,ValidDim,1,ValidRead,1,Clipping,0,PeError,0
devicename,0089PS06CT1,deviceid,32.0,timestamp,2017-07-23T12:28:32.638,incr,20891.0,tokenid,0089PS06CT12017-07-23T12:28:30891,seqnb,7761.0,timestamp1,2017-07-23T12:28:30.575,otl,22.4,otl_Unit,inch,tt,209.0,tt_Unit,ms,oga,20.0,oga_Unit,inch,devicelist,FC300008,ole,21.2,size_Unit,inch,owi,14.4,ohe,5.2,oa,-33.0,oa_Unit,degree/10,obv,15875.0,obv_Unit,inch3/10,orv,0.0,orv_Unit,inch3/10,otve,2751.0,otve_Unit,mm/sec,speed,537.6,speed_Unit,ft/min,owe,2.4,owe_Unit,LB,TooBig,0,NoRead,0,LFT,1,MultiRead,0,Irreg,0,TooSmall,0,Gap,0,ValidDim,1,ValidRead,1,Clipping,0,PeError,0
devicename,0089PS06CT1,deviceid,32.0,timestamp,2017-07-23T12:28:33.756,incr,23876.0,tokenid,0089PS06CT12017-07-23T12:28:31892,seqnb,7762.0,timestamp1,2017-07-23T12:28:31.706,otl,52.12,otl_Unit,inch,tt,483.0,tt_Unit,ms,oga,69.72,oga_Unit,inch,devicelist,FC300008,ole,52.2,size_Unit,inch,owi,28.4,ohe,3.8,oa,-4.0,oa_Unit,degree/10,obv,56334.0,obv_Unit,inch3/10,orv,0.0,orv_Unit,inch3/10,otve,2778.0,otve_Unit,mm/sec,speed,537.6,speed_Unit,ft/min,owe,35.1,owe_Unit,LB,TooBig,0,NoRead,0,LFT,1,MultiRead,0,Irreg,0,TooSmall,0,Gap,0,ValidDim,1,ValidRead,1,Clipping,0,PeError,0
devicename,0089PS06CT1,deviceid,32.0,timestamp,2017-07-23T12:28:34.768,incr,26576.0,tokenid,0089PS06CT12017-07-23T12:28:32893,seqnb,7763.0,timestamp1,2017-07-23T12:28:32.723,otl,50.31,otl_Unit,inch,tt,466.0,tt_Unit,ms,oga,59.4,oga_Unit,inch,devicelist,FC300008,ole,49.4,size_Unit,inch,owi,4.8,ohe,4.4,oa,-12.0,oa_Unit,degree/10,obv,10433.0,obv_Unit,inch3/10,orv,0.0,orv_Unit,inch3/10,otve,2773.0,otve_Unit,mm/sec,speed,537.6,speed_Unit,ft/min,owe,2.8,owe_Unit,LB,TooBig,0,NoRead,0,LFT,1,MultiRead,0,Irreg,0,TooSmall,0,Gap,0,ValidDim,1,ValidRead,1,Clipping,0,PeError,0
devicename,0089PS06CT1,deviceid,32.0,timestamp,2017-07-23T12:28:35.298,incr,27986.0,tokenid,0089PS06CT12017-07-23T12:28:33894,seqnb,7764.0,timestamp1,2017-07-23T12:28:33.244,otl,36.96,otl_Unit,inch,tt,342.0,tt_Unit,ms,oga,19.37,oga_Unit,inch,devicelist,FC300008,ole,35.4,size_Unit,inch,owi,9.0,ohe,9.0,oa,-77.0,oa_Unit,degree/10,obv,28674.0,obv_Unit,inch3/10,orv,0.0,orv_Unit,inch3/10,otve,2767.0,otve_Unit,mm/sec,speed,537.6,speed_Unit,ft/min,owe,13.7,owe_Unit,LB,TooBig,0,NoRead,0,LFT,1,MultiRead,0,Irreg,0,TooSmall,0,Gap,0,ValidDim,1,ValidRead,1,Clipping,0,PeError,0
devicename,0089PS06CT1,deviceid,32.0,timestamp,2017-07-23T12:28:36.208,incr,30416.0,tokenid,0089PS06CT12017-07-23T12:28:34895,seqnb,7765.0,timestamp1,2017-07-23T12:28:34.160,otl,49.72,otl_Unit,inch,tt,460.0,tt_Unit,ms,oga,49.09,oga_Unit,inch,devicelist,FC300008,ole,49.4,size_Unit,inch,owi,4.8,ohe,4.6,oa,-8.0,oa_Unit,degree/10,obv,10908.0,obv_Unit,inch3/10,orv,0.0,orv_Unit,inch3/10,otve,2765.0,otve_Unit,mm/sec,speed,537.6,speed_Unit,ft/min,owe,2.0,owe_Unit,LB,TooBig,0,NoRead,0,LFT,1,MultiRead,0,Irreg,0,TooSmall,0,Gap,0,ValidDim,1,ValidRead,1,Clipping,0,PeError,0
devicename,0089PS06CT1,deviceid,32.0,timestamp,2017-07-23T12:28:37.154,incr,32936.0,tokenid,0089PS06CT12017-07-23T12:28:35896,seqnb,7766.0,timestamp1,2017-07-23T12:28:35.105,otl,44.25,otl_Unit,inch,tt,410.0,tt_Unit,ms,oga,57.59,oga_Unit,inch,devicelist,FC300008,ole,44.0,size_Unit,inch,owi,3.8,ohe,3.8,oa,67.0,oa_Unit,degree/10,obv,6354.0,obv_Unit,inch3/10,orv,0.0,orv_Unit,inch3/10,otve,2757.0,otve_Unit,mm/sec,speed,537.6,speed_Unit,ft/min,owe,1.8,owe_Unit,LB,TooBig,0,NoRead,0,LFT,1,MultiRead,0,Irreg,0,TooSmall,0,Gap,0,ValidDim,1,ValidRead,1,Clipping,0,PeError,0
devicename,0089PS06CT1,deviceid,32.0,timestamp,2017-07-23T12:28:37.760,incr,34556.0,tokenid,0089PS06CT12017-07-23T12:28:35897,seqnb,7767.0,timestamp1,2017-07-23T12:28:35.712,otl,50.31,otl_Unit,inch,tt,467.0,tt_Unit,ms,oga,15.15,oga_Unit,inch,devicelist,FC300008,ole,49.6,size_Unit,inch,owi,4.8,ohe,4.6,oa,-6.0,oa_Unit,degree/10,obv,10952.0,obv_Unit,inch3/10,orv,0.0,orv_Unit,inch3/10,otve,2762.0,otve_Unit,mm/sec,speed,537.6,speed_Unit,ft/min,owe,7.9,owe_Unit,LB,TooBig,0,NoRead,0,LFT,1,MultiRead,0,Irreg,0,TooSmall,0,Gap,0,ValidDim,1,ValidRead,1,Clipping,0,PeError,0
devicename,0089PS06CT1,deviceid,32.0,timestamp,2017-07-23T12:28:38.324,incr,36056.0,tokenid,0089PS06CT12017-07-23T12:28:36898,seqnb,7768.0,timestamp1,2017-07-23T12:28:36.292,otl,7.24,otl_Unit,inch,tt,68.0,tt_Unit,ms,oga,55.15,oga_Unit,inch,devicelist,FC300008,ole,5.2,size_Unit,inch,owi,3.0,ohe,2.6,oa,-419.0,oa_Unit,degree/10,obv,406.0,obv_Unit,inch3/10,orv,0.0,orv_Unit,inch3/10,otve,2820.0,otve_Unit,mm/sec,speed,537.6,speed_Unit,ft/min,owe,0.2,owe_Unit,LB,TooBig,0,NoRead,1,LFT,0,MultiRead,0,Irreg,0,TooSmall,0,Gap,0,ValidDim,1,ValidRead,0,Clipping,0,PeError,0
devicename,0089PS06CT1,deviceid,32.0,timestamp,2017-07-23T12:28:38.676,incr,37001.0,tokenid,0089PS06CT12017-07-23T12:28:36899,seqnb,7769.0,timestamp1,2017-07-23T12:28:36.623,otl,12.71,otl_Unit,inch,tt,118.0,tt_Unit,ms,oga,23.03,oga_Unit,inch,devicelist,FC300008,ole,12.2,size_Unit,inch,owi,9.4,ohe,4.6,oa,-22.0,oa_Unit,degree/10,obv,5275.0,obv_Unit,inch3/10,orv,0.0,orv_Unit,inch3/10,otve,2765.0,otve_Unit,mm/sec,speed,537.6,speed_Unit,ft/min,owe,11.0,owe_Unit,LB,TooBig,0,NoRead,0,LFT,1,MultiRead,0,Irreg,0,TooSmall,0,Gap,0,ValidDim,1,ValidRead,1,Clipping,0,PeError,0
devicename,0089PS06CT1,deviceid,32.0,timestamp,2017-07-23T12:50:57.460,incr,1126.0,tokenid,0089PS06CT12017-07-23T12:50:55900,seqnb,7770.0,timestamp1,2017-07-23T12:50:55.401,otl,52.75,otl_Unit,inch,tt,490.0,tt_Unit,ms,oga,-1.0,oga_Unit,inch,devicelist,FC300008,ole,52.4,size_Unit,inch,owi,28.4,ohe,3.8,oa,-1.0,oa_Unit,degree/10,obv,56550.0,obv_Unit,inch3/10,orv,0.0,orv_Unit,inch3/10,otve,2767.0,otve_Unit,mm/sec,speed,537.6,speed_Unit,ft/min,owe,35.0,owe_Unit,LB,TooBig,0,NoRead,0,LFT,1,MultiRead,0,Irreg,0,TooSmall,0,Gap,0,ValidDim,1,ValidRead,1,Clipping,0,PeError,0
devicename,0089PS06CT1,deviceid,32.0,timestamp,2017-07-23T12:50:58.078,incr,2776.0,tokenid,0089PS06CT12017-07-23T12:50:56901,seqnb,7771.0,timestamp1,2017-07-23T12:50:56.036,otl,7.24,otl_Unit,inch,tt,68.0,tt_Unit,ms,oga,61.22,oga_Unit,inch,devicelist,FC300008,ole,6.6,size_Unit,inch,owi,10.4,ohe,6.6,oa,864.0,oa_Unit,degree/10,obv,4530.0,obv_Unit,inch3/10,orv,0.0,orv_Unit,inch3/10,otve,2751.0,otve_Unit,mm/sec,speed,537.6,speed_Unit,ft/min,owe,2.8,owe_Unit,LB,TooBig,0,NoRead,1,LFT,1,MultiRead,0,Irreg,0,TooSmall,0,Gap,0,ValidDim,1,ValidRead,1,Clipping,0,PeError,0
devicename,0089PS06CT1,deviceid,32.0,timestamp,2017-07-23T12:50:58.608,incr,4186.0,tokenid,0089PS06CT12017-07-23T12:50:56902,seqnb,7772.0,timestamp1,2017-07-23T12:50:56.553,otl,15.15,otl_Unit,inch,tt,141.0,tt_Unit,ms,oga,40.62,oga_Unit,inch,devicelist,FC300008,ole,14.6,size_Unit,inch,owi,20.0,ohe,12.8,oa,891.0,oa_Unit,degree/10,obv,37376.0,obv_Unit,inch3/10,orv,0.0,orv_Unit,inch3/10,otve,2778.0,otve_Unit,mm/sec,speed,537.6,speed_Unit,ft/min,owe,7.7,owe_Unit,LB,TooBig,0,NoRead,0,LFT,1,MultiRead,0,Irreg,0,TooSmall,0,Gap,0,ValidDim,1,ValidRead,1,Clipping,0,PeError,0
devicename,0089PS06CT1,deviceid,32.0,timestamp,2017-07-23T12:50:59.136,incr,5611.0,tokenid,0089PS06CT12017-07-23T12:50:57903,seqnb,7773.0,timestamp1,2017-07-23T12:50:57.060,otl,23.62,otl_Unit,inch,tt,219.0,tt_Unit,ms,oga,30.9,oga_Unit,inch,devicelist,FC300008,ole,23.4,size_Unit,inch,owi,15.6,ohe,13.2,oa,-27.0,oa_Unit,degree/10,obv,48185.0,obv_Unit,inch3/10,orv,0.0,orv_Unit,inch3/10,otve,2780.0,otve_Unit,mm/sec,speed,537.6,speed_Unit,ft/min,owe,21.0,owe_Unit,LB,TooBig,0,NoRead,0,LFT,1,MultiRead,0,Irreg,0,TooSmall,0,Gap,0,ValidDim,1,ValidRead,1,Clipping,0,PeError,0
devicename,0089PS06CT1,deviceid,32.0,timestamp,2017-07-23T12:50:59.471,incr,6496.0,tokenid,0089PS06CT12017-07-23T12:50:57904,seqnb,7774.0,timestamp1,2017-07-23T12:50:57.408,otl,15.15,otl_Unit,inch,tt,140.0,tt_Unit,ms,oga,22.4,oga_Unit,inch,devicelist,FC300008,ole,14.2,size_Unit,inch,owi,12.6,ohe,6.4,oa,-21.0,oa_Unit,degree/10,obv,11451.0,obv_Unit,inch3/10,orv,0.0,orv_Unit,inch3/10,otve,2751.0,otve_Unit,mm/sec,speed,537.6,speed_Unit,ft/min,owe,5.4,owe_Unit,LB,TooBig,0,NoRead,0,LFT,1,MultiRead,0,Irreg,0,TooSmall,0,Gap,0,ValidDim,1,ValidRead,1,Clipping,0,PeError,0
devicename,0089PS06CT1,deviceid,32.0,timestamp,2017-07-23T12:50:59.925,incr,7711.0,tokenid,0089PS06CT12017-07-23T12:50:57905,seqnb,7775.0,timestamp1,2017-07-23T12:50:57.885,otl,24.84,otl_Unit,inch,tt,231.0,tt_Unit,ms,oga,26.65,oga_Unit,inch,devicelist,FC300008,ole,23.8,size_Unit,inch,owi,20.6,ohe,10.0,oa,4.0,oa_Unit,degree/10,obv,49028.0,obv_Unit,inch3/10,orv,0.0,orv_Unit,inch3/10,otve,2778.0,otve_Unit,mm/sec,speed,537.6,speed_Unit,ft/min,owe,29.0,owe_Unit,LB,TooBig,0,NoRead,1,LFT,1,MultiRead,0,Irreg,0,TooSmall,0,Gap,0,ValidDim,1,ValidRead,1,Clipping,0,PeError,0
devicename,0089PS06CT1,deviceid,32.0,timestamp,2017-07-23T12:51:00.412,incr,9016.0,tokenid,0089PS06CT12017-07-23T12:50:58906,seqnb,7776.0,timestamp1,2017-07-23T12:50:58.358,otl,24.84,otl_Unit,inch,tt,230.0,tt_Unit,ms,oga,26.06,oga_Unit,inch,devicelist,FC300008,ole,24.0,size_Unit,inch,owi,15.0,ohe,6.4,oa,-31.0,oa_Unit,degree/10,obv,23040.0,obv_Unit,inch3/10,orv,0.0,orv_Unit,inch3/10,otve,2762.0,otve_Unit,mm/sec,speed,537.6,speed_Unit,ft/min,owe,9.7,owe_Unit,LB,TooBig,0,NoRead,0,LFT,1,MultiRead,0,Irreg,0,TooSmall,0,Gap,0,ValidDim,1,ValidRead,1,Clipping,0,PeError,0
devicename,0089PS06CT1,deviceid,32.0,timestamp,2017-07-23T12:51:00.880,incr,10261.0,tokenid,0089PS06CT12017-07-23T12:50:58907,seqnb,7777.0,timestamp1,2017-07-23T12:50:58.840,otl,27.87,otl_Unit,inch,tt,257.0,tt_Unit,ms,oga,24.25,oga_Unit,inch,devicelist,FC300008,ole,27.4,size_Unit,inch,owi,12.8,ohe,11.4,oa,-18.0,oa_Unit,degree/10,obv,39982.0,obv_Unit,inch3/10,orv,0.0,orv_Unit,inch3/10,otve,2773.0,otve_Unit,mm/sec,speed,537.6,speed_Unit,ft/min,owe,17.1,owe_Unit,LB,TooBig,0,NoRead,1,LFT,1,MultiRead,0,Irreg,0,TooSmall,0,Gap,0,ValidDim,1,ValidRead,1,Clipping,0,PeError,0
devicename,0089PS06CT1,deviceid,32.0,timestamp,2017-07-23T12:51:01.411,incr,11686.0,tokenid,0089PS06CT12017-07-23T12:50:59908,seqnb,7778.0,timestamp1,2017-07-23T12:50:59.345,otl,25.47,otl_Unit,inch,tt,236.0,tt_Unit,ms,oga,29.09,oga_Unit,inch,devicelist,FC300008,ole,24.8,size_Unit,inch,owi,18.6,ohe,8.8,oa,-11.0,oa_Unit,degree/10,obv,40593.0,obv_Unit,inch3/10,orv,0.0,orv_Unit,inch3/10,otve,2778.0,otve_Unit,mm/sec,speed,537.6,speed_Unit,ft/min,owe,19.8,owe_Unit,LB,TooBig,0,NoRead,0,LFT,1,MultiRead,0,Irreg,0,TooSmall,0,Gap,0,ValidDim,1,ValidRead,1,Clipping,0,PeError,0
devicename,0089PS06CT1,deviceid,32.0,timestamp,2017-07-23T12:51:01.687,incr,12421.0,tokenid,0089PS06CT12017-07-23T12:50:59909,seqnb,7779.0,timestamp1,2017-07-23T12:50:59.637,otl,12.12,otl_Unit,inch,tt,113.0,tt_Unit,ms,oga,19.37,oga_Unit,inch,devicelist,FC300008,ole,10.8,size_Unit,inch,owi,10.4,ohe,10.4,oa,-124.0,oa_Unit,degree/10,obv,11681.0,obv_Unit,inch3/10,orv,0.0,orv_Unit,inch3/10,otve,2762.0,otve_Unit,mm/sec,speed,537.6,speed_Unit,ft/min,owe,3.6,owe_Unit,LB,TooBig,0,NoRead,0,LFT,1,MultiRead,0,Irreg,0,TooSmall,0,Gap,0,ValidDim,1,ValidRead,1,Clipping,0,PeError,0
devicename,0089PS06CT1,deviceid,32.0,timestamp,2017-07-23T12:51:02.126,incr,13591.0,tokenid,0089PS06CT12017-07-23T12:51:00910,seqnb,7780.0,timestamp1,2017-07-23T12:51:00.082,otl,14.52,otl_Unit,inch,tt,135.0,tt_Unit,ms,oga,33.34,oga_Unit,inch,devicelist,FC300008,ole,14.2,size_Unit,inch,owi,10.0,ohe,9.2,oa,-25.0,oa_Unit,degree/10,obv,13064.0,obv_Unit,inch3/10,orv,0.0,orv_Unit,inch3/10,otve,2762.0,otve_Unit,mm/sec,speed,537.6,speed_Unit,ft/min,owe,3.6,owe_Unit,LB,TooBig,0,NoRead,1,LFT,1,MultiRead,0,Irreg,0,TooSmall,0,Gap,0,ValidDim,1,ValidRead,1,Clipping,0,PeError,0
devicename,0089PS06CT1,deviceid,32.0,timestamp,2017-07-23T12:51:02.382,incr,14281.0,tokenid,0089PS06CT12017-07-23T12:51:00911,seqnb,7781.0,timestamp1,2017-07-23T12:51:00.334,otl,8.46,otl_Unit,inch,tt,79.0,tt_Unit,ms,oga,18.77,oga_Unit,inch,devicelist,FC300008,ole,8.4,size_Unit,inch,owi,8.6,ohe,8.8,oa,897.0,oa_Unit,degree/10,obv,6357.0,obv_Unit,inch3/10,orv,0.0,orv_Unit,inch3/10,otve,2778.0,otve_Unit,mm/sec,speed,537.6,speed_Unit,ft/min,owe,1.7,owe_Unit,LB,TooBig,0,NoRead,0,LFT,1,MultiRead,0,Irreg,0,TooSmall,0,Gap,0,ValidDim,1,ValidRead,1,Clipping,0,PeError,0
devicename,0089PS06CT1,deviceid,32.0,timestamp,2017-07-23T12:51:02.741,incr,15241.0,tokenid,0089PS06CT12017-07-23T12:51:00912,seqnb,7782.0,timestamp1,2017-07-23T12:51:00.705,otl,18.77,otl_Unit,inch,tt,173.0,tt_Unit,ms,oga,21.22,oga_Unit,inch,devicelist,FC300008,ole,18.6,size_Unit,inch,owi,13.4,ohe,12.8,oa,-22.0,oa_Unit,degree/10,obv,31903.0,obv_Unit,inch3/10,orv,0.0,orv_Unit,inch3/10,otve,2762.0,otve_Unit,mm/sec,speed,537.6,speed_Unit,ft/min,owe,41.8,owe_Unit,LB,TooBig,0,NoRead,1,LFT,1,MultiRead,0,Irreg,0,TooSmall,0,Gap,0,ValidDim,1,ValidRead,1,Clipping,0,PeError,0
devicename,0089PS06CT1,deviceid,32.0,timestamp,2017-07-23T12:51:03.198,incr,16471.0,tokenid,0089PS06CT12017-07-23T12:51:01913,seqnb,7783.0,timestamp1,2017-07-23T12:51:01.137,otl,21.81,otl_Unit,inch,tt,201.0,tt_Unit,ms,oga,24.84,oga_Unit,inch,devicelist,FC300008,ole,18.8,size_Unit,inch,owi,24.8,ohe,9.0,oa,-815.0,oa_Unit,degree/10,obv,41962.0,obv_Unit,inch3/10,orv,0.0,orv_Unit,inch3/10,otve,2765.0,otve_Unit,mm/sec,speed,537.6,speed_Unit,ft/min,owe,19.7,owe_Unit,LB,TooBig,0,NoRead,0,LFT,1,MultiRead,0,Irreg,0,TooSmall,0,Gap,0,ValidDim,1,ValidRead,1,Clipping,0,PeError,0
devicename,0089PS06CT1,deviceid,32.0,timestamp,2017-07-23T12:51:03.513,incr,17311.0,tokenid,0089PS06CT12017-07-23T12:51:01914,seqnb,7784.0,timestamp1,2017-07-23T12:51:01.462,otl,15.74,otl_Unit,inch,tt,146.0,tt_Unit,ms,oga,19.37,oga_Unit,inch,devicelist,FC300008,ole,14.8,size_Unit,inch,owi,12.8,ohe,10.8,oa,-7.0,oa_Unit,degree/10,obv,20460.0,obv_Unit,inch3/10,orv,0.0,orv_Unit,inch3/10,otve,2778.0,otve_Unit,mm/sec,speed,537.6,speed_Unit,ft/min,owe,20.1,owe_Unit,LB,TooBig,0,NoRead,0,LFT,1,MultiRead,0,Irreg,0,TooSmall,0,Gap,0,ValidDim,1,ValidRead,1,Clipping,0,PeError,0
devicename,0089PS06CT1,deviceid,32.0,timestamp,2017-07-23T12:51:03.939,incr,18451.0,tokenid,0089PS06CT12017-07-23T12:51:01915,seqnb,7785.0,timestamp1,2017-07-23T12:51:01.904,otl,12.12,otl_Unit,inch,tt,112.0,tt_Unit,ms,oga,35.74,oga_Unit,inch,devicelist,FC300008,ole,11.6,size_Unit,inch,owi,17.8,ohe,10.6,oa,880.0,oa_Unit,degree/10,obv,21887.0,obv_Unit,inch3/10,orv,0.0,orv_Unit,inch3/10,otve,2823.0,otve_Unit,mm/sec,speed,537.6,speed_Unit,ft/min,owe,36.3,owe_Unit,LB,TooBig,0,NoRead,0,LFT,1,MultiRead,0,Irreg,0,TooSmall,0,Gap,0,ValidDim,1,ValidRead,1,Clipping,0,PeError,0
devicename,0089PS06CT1,deviceid,32.0,timestamp,2017-07-23T12:51:04.531,incr,20026.0,tokenid,0089PS06CT12017-07-23T12:51:02916,seqnb,7786.0,timestamp1,2017-07-23T12:51:02.482,otl,24.25,otl_Unit,inch,tt,225.0,tt_Unit,ms,oga,38.18,oga_Unit,inch,devicelist,FC300008,ole,23.6,size_Unit,inch,owi,19.6,ohe,8.8,oa,-12.0,oa_Unit,degree/10,obv,40705.0,obv_Unit,inch3/10,orv,0.0,orv_Unit,inch3/10,otve,2778.0,otve_Unit,mm/sec,speed,537.6,speed_Unit,ft/min,owe,34.9,owe_Unit,LB,TooBig,0,NoRead,0,LFT,1,MultiRead,0,Irreg,0,TooSmall,0,Gap,0,ValidDim,1,ValidRead,1,Clipping,0,PeError,0
devicename,0089PS06CT1,deviceid,32.0,timestamp,2017-07-23T12:51:05.172,incr,21736.0,tokenid,0089PS06CT12017-07-23T12:51:03917,seqnb,7787.0,timestamp1,2017-07-23T12:51:03.121,otl,27.87,otl_Unit,inch,tt,257.0,tt_Unit,ms,oga,41.22,oga_Unit,inch,devicelist,FC300008,ole,27.8,size_Unit,inch,owi,12.8,ohe,11.4,oa,2.0,oa_Unit,degree/10,obv,40566.0,obv_Unit,inch3/10,orv,0.0,orv_Unit,inch3/10,otve,2778.0,otve_Unit,mm/sec,speed,537.6,speed_Unit,ft/min,owe,16.1,owe_Unit,LB,TooBig,0,NoRead,0,LFT,1,MultiRead,0,Irreg,0,TooSmall,0,Gap,0,ValidDim,1,ValidRead,1,Clipping,0,PeError,0
devicename,0089PS06CT1,deviceid,32.0,timestamp,2017-07-23T12:51:05.664,incr,23056.0,tokenid,0089PS06CT12017-07-23T12:51:03918,seqnb,7788.0,timestamp1,2017-07-23T12:51:03.614,otl,20.59,otl_Unit,inch,tt,190.0,tt_Unit,ms,oga,32.71,oga_Unit,inch,devicelist,FC300008,ole,18.6,size_Unit,inch,owi,10.6,ohe,8.4,oa,-156.0,oa_Unit,degree/10,obv,16561.0,obv_Unit,inch3/10,orv,0.0,orv_Unit,inch3/10,otve,2757.0,otve_Unit,mm/sec,speed,537.6,speed_Unit,ft/min,owe,20.7,owe_Unit,LB,TooBig,0,NoRead,0,LFT,1,MultiRead,0,Irreg,0,TooSmall,0,Gap,0,ValidDim,1,ValidRead,1,Clipping,0,PeError,0
devicename,0089PS06CT1,deviceid,32.0,timestamp,2017-07-23T12:51:06.097,incr,24211.0,tokenid,0089PS06CT12017-07-23T12:51:04919,seqnb,7789.0,timestamp1,2017-07-23T12:51:04.046,otl,18.77,otl_Unit,inch,tt,174.0,tt_Unit,ms,oga,27.87,oga_Unit,inch,devicelist,FC300008,ole,11.2,size_Unit,inch,owi,16.2,ohe,2.2,oa,-496.0,oa_Unit,degree/10,obv,3992.0,obv_Unit,inch3/10,orv,0.0,orv_Unit,inch3/10,otve,2794.0,otve_Unit,mm/sec,speed,537.6,speed_Unit,ft/min,owe,1.0,owe_Unit,LB,TooBig,0,NoRead,0,LFT,0,MultiRead,0,Irreg,1,TooSmall,1,Gap,0,ValidDim,0,ValidRead,1,Clipping,0,PeError,0
devicename,0089PS06CT1,deviceid,32.0,timestamp,2017-07-23T12:51:06.384,incr,24976.0,tokenid,0089PS06CT12017-07-23T12:51:04920,seqnb,7790.0,timestamp1,2017-07-23T12:51:04.344,otl,12.71,otl_Unit,inch,tt,118.0,tt_Unit,ms,oga,19.37,oga_Unit,inch,devicelist,FC300008,ole,12.4,size_Unit,inch,owi,6.6,ohe,6.2,oa,-16.0,oa_Unit,degree/10,obv,5074.0,obv_Unit,inch3/10,orv,0.0,orv_Unit,inch3/10,otve,2754.0,otve_Unit,mm/sec,speed,537.6,speed_Unit,ft/min,owe,6.4,owe_Unit,LB,TooBig,0,NoRead,1,LFT,1,MultiRead,0,Irreg,0,TooSmall,0,Gap,0,ValidDim,1,ValidRead,1,Clipping,0,PeError,0
devicename,0089PS06CT1,deviceid,32.0,timestamp,2017-07-23T12:51:07.513,incr,27991.0,tokenid,0089PS06CT12017-07-23T12:51:05921,seqnb,7791.0,timestamp1,2017-07-23T12:51:05.473,otl,18.18,otl_Unit,inch,tt,168.0,tt_Unit,ms,oga,103.7,oga_Unit,inch,devicelist,FC300008,ole,17.8,size_Unit,inch,owi,11.6,ohe,10.4,oa,-10.0,oa_Unit,degree/10,obv,21474.0,obv_Unit,inch3/10,orv,0.0,orv_Unit,inch3/10,otve,2762.0,otve_Unit,mm/sec,speed,537.6,speed_Unit,ft/min,owe,40.8,owe_Unit,LB,TooBig,0,NoRead,0,LFT,1,MultiRead,0,Irreg,0,TooSmall,0,Gap,0,ValidDim,1,ValidRead,1,Clipping,0,PeError,0
devicename,0089PS06CT1,deviceid,32.0,timestamp,2017-07-23T12:51:37.137,incr,41415.0,tokenid,0089PS06CT12017-07-23T12:51:35922,seqnb,7792.0,timestamp1,2017-07-23T12:51:35.093,otl,14.52,otl_Unit,inch,tt,135.0,tt_Unit,ms,oga,-1.0,oga_Unit,inch,devicelist,FC300008,ole,14.0,size_Unit,inch,owi,10.6,ohe,3.6,oa,-44.0,oa_Unit,degree/10,obv,5342.0,obv_Unit,inch3/10,orv,0.0,orv_Unit,inch3/10,otve,2762.0,otve_Unit,mm/sec,speed,537.6,speed_Unit,ft/min,owe,3.3,owe_Unit,LB,TooBig,0,NoRead,1,LFT,1,MultiRead,0,Irreg,0,TooSmall,0,Gap,0,ValidDim,1,ValidRead,1,Clipping,0,PeError,0
